類別,公司相關文字,出現次數
1_外資國別,日商,700
1_外資國別,美商,204
1_外資國別,德商,48
1_外資國別,韓商,15
1_外資國別,港商,9
1_外資國別,英商,8
1_外資國別,義商,6
1_外資國別,法商,5
1_外資國別,中商,5
1_外資國別,星商,4
1_外資國別,新商,4
1_外資國別,西商,3
1_外資國別,台商,1
1_外資國別,澳商,1
2_上市櫃,上市,140
2_上市櫃,上市櫃,75
2_上市櫃,上市公司,52
2_上市櫃,上櫃,11
2_上市櫃,股票上市,3
2_上市櫃,興櫃,1
3_法人型態,集團,1748
3_法人型態,有限公司,79
3_法人型態,事務所,76
3_法人型態,股份有限公司,67
3_法人型態,商行,61
3_法人型態,工作室,36
3_法人型態,企業社,11
3_法人型態,控股,9
4_組織關係,直營,1040
4_組織關係,總公司,1021
4_組織關係,加盟店,881
4_組織關係,連鎖,750
4_組織關係,分公司,639
4_組織關係,總部,319
4_組織關係,加盟,108
4_組織關係,關係企業,81
4_組織關係,旗下,59
4_組織關係,子公司,56
5_規模形容,知名,2052
5_規模形容,大廠,1277
5_規模形容,外商,450
5_規模形容,龍頭,113
5_規模形容,跨國,42
5_規模形容,新創,40
5_規模形容,原廠,25
5_規模形容,績優,12
5_規模形容,老字號,5
5_規模形容,國際級,2
5_規模形容,百年企業,1
5_規模形容,五百大,1
6_公司品牌名稱,大樹藥局,490
6_公司品牌名稱,寶雅,222
6_公司品牌名稱,すき家 SUKIYA,217
6_公司品牌名稱,爭鮮迴轉壽司,142
6_公司品牌名稱,蝦皮店到店,131
6_公司品牌名稱,春水堂,122
6_公司品牌名稱,樂活,118
6_公司品牌名稱,新店耕莘,96
6_公司品牌名稱,MO-MO-PARADISE,76
6_公司品牌名稱,涮乃葉,75
6_公司品牌名稱,樂多多,74
6_公司品牌名稱,瓦城,66
6_公司品牌名稱,百萬藥師,56
6_公司品牌名稱,井賀鍋物,51
6_公司品牌名稱,松屋,49
6_公司品牌名稱,涓豆腐,49
6_公司品牌名稱,北村豆腐家,48
6_公司品牌名稱,古拉爵,45
6_公司品牌名稱,振宇五金,41
6_公司品牌名稱,爭鮮gogo,39
6_公司品牌名稱,統一,38
6_公司品牌名稱,優利國際,36
6_公司品牌名稱,國泰,35
6_公司品牌名稱,恆安照護,34
6_公司品牌名稱,雲品溫泉酒店日月潭,32
6_公司品牌名稱,e大學眼鏡,32
6_公司品牌名稱,古拉爵 Grazie,31
6_公司品牌名稱,雲鼎阿二麻辣食堂,31
6_公司品牌名稱,BELLINI PASTA PASTA,30
6_公司品牌名稱,樂田麵包,30
6_公司品牌名稱,台灣大哥大,30
6_公司品牌名稱,爭鮮定食8,29
6_公司品牌名稱,乾杯,28
6_公司品牌名稱,優利資源,26
6_公司品牌名稱,韓姜熙的小廚房,26
6_公司品牌名稱,爭鮮SUSHiPLUS,25
6_公司品牌名稱,藏王極上鍋物,25
6_公司品牌名稱,天閣,25
6_公司品牌名稱,雄獅,25
6_公司品牌名稱,微風,24
6_公司品牌名稱,Dr.撥,23
6_公司品牌名稱,朵頤牛排,23
6_公司品牌名稱,MAGiC TOUCH 点爭鮮,22
6_公司品牌名稱,藏壽司,22
6_公司品牌名稱,Dr.stretch,21
6_公司品牌名稱,MisterDonut門店夥伴,21
6_公司品牌名稱,三商家購-美廉社,21
6_公司品牌名稱,洋食芳鄰,21
6_公司品牌名稱,饗賓,21
6_公司品牌名稱,馬修嚴選,20
6_公司品牌名稱,はま寿司 HAMASUSHI,20
6_公司品牌名稱,康是美藥妝,20
6_公司品牌名稱,五花馬,20
6_公司品牌名稱,翰品酒店 高雄,19
6_公司品牌名稱,Hotel dùa,18
6_公司品牌名稱,點水樓,18
6_公司品牌名稱,酷澎Coupang,18
6_公司品牌名稱,玉豆腐韓式料理,17
6_公司品牌名稱,藍海淨水,17
6_公司品牌名稱,豐FOOD海陸百匯-大直典華,17
6_公司品牌名稱,饗食天堂,17
6_公司品牌名稱,赤腹景觀,17
6_公司品牌名稱,NISSAN,16
6_公司品牌名稱,新美齊,16
6_公司品牌名稱,韓國一隻雞,15
6_公司品牌名稱,天吉屋,15
6_公司品牌名稱,朱記,15
6_公司品牌名稱,竹兒,15
6_公司品牌名稱,開飯川食堂｜饗泰多,15
6_公司品牌名稱,🔥蝦皮店到店,15
6_公司品牌名稱,開丼,14
6_公司品牌名稱,川之流涮涮鍋,14
6_公司品牌名稱,嵨開安旅,14
6_公司品牌名稱,饗食天堂｜果然匯,14
6_公司品牌名稱,隨意鳥地方 101 85樓,14
6_公司品牌名稱,康是美藥局,14
6_公司品牌名稱,萊雅,14
6_公司品牌名稱,TG蔬坊,13
6_公司品牌名稱,美麗特,13
6_公司品牌名稱,豆腐村,13
6_公司品牌名稱,國際生殖醫學中心,13
6_公司品牌名稱,城市團隊,13
6_公司品牌名稱,大直典華,13
6_公司品牌名稱,工研院綠能所,13
6_公司品牌名稱,旭集,13
6_公司品牌名稱,開飯川食堂｜饗泰多｜真珠,13
6_公司品牌名稱,饗饗｜旭集｜URBAN PARADISE,13
6_公司品牌名稱,興富發,13
6_公司品牌名稱,IS BU,12
6_公司品牌名稱,THE AMNIS 然一酒店,12
6_公司品牌名稱,五鮮級,12
6_公司品牌名稱,荖子鍋+,12
6_公司品牌名稱,蕭中正醫院,12
6_公司品牌名稱,全新展店!!SUBWAY潛艇堡,11
6_公司品牌名稱,BGREEN運動家具,11
6_公司品牌名稱,樂天皇朝,11
6_公司品牌名稱,韓國料理bibim,11
6_公司品牌名稱,Ukai,11
6_公司品牌名稱,樂田麵包 中央工廠,11
6_公司品牌名稱,海壽司,11
6_公司品牌名稱,珍煮丹,11
6_公司品牌名稱,藏王日式食堂,11
6_公司品牌名稱,美食達人股份,11
6_公司品牌名稱,旨醞精品鐵板燒,10
6_公司品牌名稱,1元眼鏡,10
6_公司品牌名稱,50嵐。新竹,10
6_公司品牌名稱,MyGo AI大數據,10
6_公司品牌名稱,Standard Products,10
6_公司品牌名稱,全聯X善美的,10
6_公司品牌名稱,四代目菊川鰻魚飯專賣店,10
6_公司品牌名稱,姜滿堂,10
6_公司品牌名稱,富邦momo,10
6_公司品牌名稱,帕泰家,10
6_公司品牌名稱,橫濱牛排,10
6_公司品牌名稱,聚鍋士林中正店,10
6_公司品牌名稱,長庚店,10
6_公司品牌名稱,開飯川食堂,10
6_公司品牌名稱,台隆,10
6_公司品牌名稱,高雄夢時代,9
6_公司品牌名稱,美廉社,9
6_公司品牌名稱,添好運-竹北遠百店,9
6_公司品牌名稱,滋粒冰菓室,9
6_公司品牌名稱,行遍天下,9
6_公司品牌名稱,YAYOI彌生軒日式定食,9
6_公司品牌名稱,鄧師傅功夫菜,9
6_公司品牌名稱,雙福分院,9
6_公司品牌名稱,傳家台中,9
6_公司品牌名稱,傳家新竹,9
6_公司品牌名稱,住商台南府前店,8
6_公司品牌名稱,MLD台鋁,8
6_公司品牌名稱,頗微康輕食餐盒-南港店,8
6_公司品牌名稱,韓鶴亭,8
6_公司品牌名稱,崇德店,8
6_公司品牌名稱,BELLINI CAFFÈ義式餐廳,8
6_公司品牌名稱,Chic Café & Pastry,8
6_公司品牌名稱,住商大將金仲團隊,8
6_公司品牌名稱,古都茶藝館,8
6_公司品牌名稱,台中公益店,8
6_公司品牌名稱,台北南港店,8
6_公司品牌名稱,台菜香檳101旗艦店,8
6_公司品牌名稱,外貿協會,8
6_公司品牌名稱,林口廠,8
6_公司品牌名稱,梨谷ATT信義店,8
6_公司品牌名稱,梨谷忠孝店,8
6_公司品牌名稱,樂麵屋,8
6_公司品牌名稱,聚/和牛涮/青花驕,8
6_公司品牌名稱,金金禮寓,8
6_公司品牌名稱,開飯川食堂｜真珠,8
6_公司品牌名稱,饗食天堂｜果然匯｜朵頤牛排,8
6_公司品牌名稱,高雄 UKAI,8
6_公司品牌名稱,龍軒傳承粵菜港點餐廳,8
6_公司品牌名稱,欣葉NAGOMI 新光A8店,8
6_公司品牌名稱,欣葉 鐘菜,8
6_公司品牌名稱,中鋼,8
6_公司品牌名稱,永慶房產,8
6_公司品牌名稱,哈博,8
6_公司品牌名稱,義联,8
6_公司品牌名稱,敦南店,7
6_公司品牌名稱,西門大世界,7
6_公司品牌名稱,虎尾分院,7
6_公司品牌名稱,嘉南療養院,7
6_公司品牌名稱,板橋廠,7
6_公司品牌名稱,燕巢廠,7
6_公司品牌名稱,紅葉蛋糕,7
6_公司品牌名稱,豆腐里,7
6_公司品牌名稱,二重店,7
6_公司品牌名稱,台北榮總店,7
6_公司品牌名稱,THL,7
6_公司品牌名稱,URBAN PARADISE,7
6_公司品牌名稱,中山店,7
6_公司品牌名稱,五崧捷運,7
6_公司品牌名稱,兆品酒店 嘉義,7
6_公司品牌名稱,匯昇,7
6_公司品牌名稱,厝秘-甘肅店,7
6_公司品牌名稱,台中三井Lalaport店,7
6_公司品牌名稱,台北-蝦皮店到店,7
6_公司品牌名稱,台北士林館,7
6_公司品牌名稱,台東-北町丼飯屋,7
6_公司品牌名稱,大巨蛋旗艦店,7
6_公司品牌名稱,御盟國際驛館,7
6_公司品牌名稱,愛美語 - 北屯仁美/ 松強分校,7
6_公司品牌名稱,愛美語 - 南屯惠文分校,7
6_公司品牌名稱,愛美語 - 南屯文山分校,7
6_公司品牌名稱,捷創,7
6_公司品牌名稱,新北-蝦皮店到店,7
6_公司品牌名稱,明水然 鐵板燒 新門店籌備中,7
6_公司品牌名稱,明水然・樂 鐵板燒 林口昕境店,7
6_公司品牌名稱,梅園餐廳,7
6_公司品牌名稱,樂田麵包 總管理處,7
6_公司品牌名稱,樂釜極上鍋物-徐匯店,7
6_公司品牌名稱,添好運-板橋大遠百店,7
6_公司品牌名稱,美生餐室-新竹勝利店,7
6_公司品牌名稱,聚鍋林口店,7
6_公司品牌名稱,聚鍋汐止遠雄店,7
6_公司品牌名稱,膳馨民間創作料理-市政店,7
6_公司品牌名稱,里亞行旅,7
6_公司品牌名稱,雅居廚櫃,7
6_公司品牌名稱,高級健檢中心,7
6_公司品牌名稱,力麗日月潭-哲園會館,7
6_公司品牌名稱,達特楊,7
6_公司品牌名稱,小蒙牛,7
6_公司品牌名稱,御盟,7
6_公司品牌名稱,台哥大,7
6_公司品牌名稱,三星智慧館,6
6_公司品牌名稱,MLD台鋁_晶綺盛宴,6
6_公司品牌名稱,高雄居家,6
6_公司品牌名稱,兩班家韓式燒烤,6
6_公司品牌名稱,高麗園,6
6_公司品牌名稱,武蔵野森珈啡 Diner,6
6_公司品牌名稱,高島屋店,6
6_公司品牌名稱,信義A8店,6
6_公司品牌名稱,新店裕隆城店,6
6_公司品牌名稱,中央工廠,6
6_公司品牌名稱,7-11茂源門市,6
6_公司品牌名稱,Engolili 統一時代店,6
6_公司品牌名稱,MERCER BRUNCH,6
6_公司品牌名稱,MG豐展,6
6_公司品牌名稱,Noodle Booze,6
6_公司品牌名稱,三統漢菓子,6
6_公司品牌名稱,信義ATT店,6
6_公司品牌名稱,八方雲集,6
6_公司品牌名稱,冠威國際車業,6
6_公司品牌名稱,和美光翟,6
6_公司品牌名稱,嘉義嘉偉居服中心,6
6_公司品牌名稱,士林雅聚,6
6_公司品牌名稱,好吃手作烏龍麵,6
6_公司品牌名稱,愛維養護中心,6
6_公司品牌名稱,新莊典華,6
6_公司品牌名稱,明水然 鐵板燒 高雄大立店,6
6_公司品牌名稱,樂釜極上鍋物-板橋店,6
6_公司品牌名稱,民生輝麻辣鍋,6
6_公司品牌名稱,港九香滿樓餐廳,6
6_公司品牌名稱,聚鍋台北SOGO忠孝店,6
6_公司品牌名稱,聚鍋台北衡陽店,6
6_公司品牌名稱,聚鍋板橋中山店,6
6_公司品牌名稱,芝麻有籽 桃園藝文店,6
6_公司品牌名稱,花蓮-米崙丼飯屋,6
6_公司品牌名稱,蕃滾地瓜球,6
6_公司品牌名稱,薇森幼兒園,6
6_公司品牌名稱,銀角零卡,6
6_公司品牌名稱,陶板屋台北復興北店,6
6_公司品牌名稱,雲林縣居服中心,6
6_公司品牌名稱,雲雀國際,6
6_公司品牌名稱,饗食天堂｜朵頤牛排,6
6_公司品牌名稱,馨苑小料理-台北店,6
6_公司品牌名稱,水悅莊園,6
6_公司品牌名稱,杏子豬排-內湖Citylink店,6
6_公司品牌名稱,桃園大遠百門市,6
6_公司品牌名稱,隨意吧 政大公企中心,6
6_公司品牌名稱,清福醫院,6
6_公司品牌名稱,協進會館,6
6_公司品牌名稱,海事協和,6
6_公司品牌名稱,台南-台積電新建廠區,6
6_公司品牌名稱,中廣門市,6
6_公司品牌名稱,杭信門市,6
6_公司品牌名稱,松信門市,6
6_公司品牌名稱,鑫吉門市,6
6_公司品牌名稱,冠辰,6
6_公司品牌名稱,韓國家電,6
6_公司品牌名稱,登瑞,6
6_公司品牌名稱,弘爺,6
6_公司品牌名稱,輕鬆煮,5
6_公司品牌名稱,京都勝牛-桃園店,5
6_公司品牌名稱,酷澎,5
6_公司品牌名稱,Mooku-日式炸豬排,5
6_公司品牌名稱,三星手機,5
6_公司品牌名稱,MLD_Reading,5
6_公司品牌名稱,大園紙器廠,5
6_公司品牌名稱,BEPPIN義大利麵-南港店,5
6_公司品牌名稱,華泰名品城,5
6_公司品牌名稱,中和環球店,5
6_公司品牌名稱,南港中信店,5
6_公司品牌名稱,嘉義秀泰店,5
6_公司品牌名稱,南西店,5
6_公司品牌名稱,旭集 台中大遠百店,5
6_公司品牌名稱,BILUO MAROR,5
6_公司品牌名稱,Broccoli Beer,5
6_公司品牌名稱,Dr.stretch訓練師,5
6_公司品牌名稱,Potato Corner台中新光三越,5
6_公司品牌名稱,Potato Corner雙北地區,5
6_公司品牌名稱,Potato Corner高雄漢神巨蛋,5
6_公司品牌名稱,Straight A,5
6_公司品牌名稱,Taiwan Mobile 實習計畫,5
6_公司品牌名稱,UberEats,5
6_公司品牌名稱,一幻拉麵,5
6_公司品牌名稱,一蘭拉麵-台北,5
6_公司品牌名稱,上野烤肉飯-苗栗店,5
6_公司品牌名稱,來來牛排-宜蘭店,5
6_公司品牌名稱,信義店,5
6_公司品牌名稱,偷鍋和美店,5
6_公司品牌名稱,光復分院,5
6_公司品牌名稱,內湖店,5
6_公司品牌名稱,全球研發中心,5
6_公司品牌名稱,凱芮數位通訊,5
6_公司品牌名稱,南北鮮果專賣廣場,5
6_公司品牌名稱,南投 漢來日月行館,5
6_公司品牌名稱,博愛店,5
6_公司品牌名稱,台北天婦羅杉村,5
6_公司品牌名稱,台菜香檳大直店,5
6_公司品牌名稱,台菜香檳敦北店,5
6_公司品牌名稱,同樂町居酒屋,5
6_公司品牌名稱,和牛涮台北林森北店,5
6_公司品牌名稱,和牛涮桃園中壢元化店,5
6_公司品牌名稱,威尼斯西餐廳,5
6_公司品牌名稱,安平總店,5
6_公司品牌名稱,富鼎旺-中正店,5
6_公司品牌名稱,小7德友極門市,5
6_公司品牌名稱,小7湧強門市,5
6_公司品牌名稱,尬鍋台北西門店,5
6_公司品牌名稱,工研院生醫所,5
6_公司品牌名稱,工研院行政處,5
6_公司品牌名稱,復興店,5
6_公司品牌名稱,德民廠,5
6_公司品牌名稱,怡德綜合,5
6_公司品牌名稱,文濱店,5
6_公司品牌名稱,新北市門市,5
6_公司品牌名稱,新竹巨城門市,5
6_公司品牌名稱,新莊榮富新校籌備中,5
6_公司品牌名稱,明水然 鐵板燒 松山慶城店,5
6_公司品牌名稱,明水然・樂 鐵板燒 台南市區新開店,5
6_公司品牌名稱,明水然．樂 鐵板燒 台北西門店,5
6_公司品牌名稱,明水然．樂 鐵板燒 遠百信義店,5
6_公司品牌名稱,明誠店,5
6_公司品牌名稱,易鼎活蝦-台中店,5
6_公司品牌名稱,時尚假期-台北南京店,5
6_公司品牌名稱,時尚假期-台北復興店,5
6_公司品牌名稱,有籽義麵 文信店,5
6_公司品牌名稱,水鳥餐廳 斗六店,5
6_公司品牌名稱,海尼根,5
6_公司品牌名稱,筷炒KUAICHAO信義遠百A13店,5
6_公司品牌名稱,羅東茶宴,5
6_公司品牌名稱,聚鍋中壢SOGO店,5
6_公司品牌名稱,聚鍋南京東店,5
6_公司品牌名稱,聚鍋台中豐原大社店,5
6_公司品牌名稱,聚鍋台北三峽店,5
6_公司品牌名稱,聚鍋台南仁德中山店,5
6_公司品牌名稱,聚鍋嘉義垂楊店,5
6_公司品牌名稱,聚鍋新店民權店,5
6_公司品牌名稱,聚鍋板橋江子翠店,5
6_公司品牌名稱,聚鍋桃園統領店,5
6_公司品牌名稱,聚鍋淡新家店,5
6_公司品牌名稱,聚鍋頭份尚順店,5
6_公司品牌名稱,聚鍋高雄新楠家店,5
6_公司品牌名稱,胡椒廚房,5
6_公司品牌名稱,蔬慕,5
6_公司品牌名稱,豆舖子,5
6_公司品牌名稱,財團法人中衛發展中心,5
6_公司品牌名稱,赤鬼,5
6_公司品牌名稱,越越 新越南料理,5
6_公司品牌名稱,輕井沢足體,5
6_公司品牌名稱,農科廠,5
6_公司品牌名稱,達利早餐,5
6_公司品牌名稱,遠傳電信,5
6_公司品牌名稱,開飯川食堂｜饗泰多｜真珠｜貓將,5
6_公司品牌名稱,阿根廷炭烤 - 花博店,5
6_公司品牌名稱,陶板屋八德大和店,5
6_公司品牌名稱,陶板屋汐止遠雄店,5
6_公司品牌名稱,雅香-西門二店,5
6_公司品牌名稱,飯饌-台中店,5
6_公司品牌名稱,鮮芋仙,5
6_公司品牌名稱,義式餐廳-archi藝廚,5
6_公司品牌名稱,添好運-松山車站店,5
6_公司品牌名稱,大阪王將-南港Lalaport店,5
6_公司品牌名稱,DA ANTONIO 竹北店,5
6_公司品牌名稱,塗成校,5
6_公司品牌名稱,新光校,5
6_公司品牌名稱,台灣中油白鷺站,5
6_公司品牌名稱,台灣中油高原(交)站,5
6_公司品牌名稱,微風南山店,5
6_公司品牌名稱,欣葉小聚 美麗華店,5
6_公司品牌名稱,欣葉日本料理 彩膳楽亭,5
6_公司品牌名稱,DA ANTONIO 台北民生店,5
6_公司品牌名稱,UG TEA,5
6_公司品牌名稱,新竹寶山-台積電廠區,5
6_公司品牌名稱,緯豆,5
6_公司品牌名稱,貳樓,5
6_公司品牌名稱,明基佳世達,5
6_公司品牌名稱,王品,5
6_公司品牌名稱,順昶塑膠股份,5
6_公司品牌名稱,寒舍,5
6_公司品牌名稱,滿山,5
6_公司品牌名稱,夢時代店,4
6_公司品牌名稱,板橋中山店,4
6_公司品牌名稱,板橋大遠百店,4
6_公司品牌名稱,libreadry巢屋,4
6_公司品牌名稱,健康管理中心,4
6_公司品牌名稱,光陽盛鴻,4
6_公司品牌名稱,巨城總院,4
6_公司品牌名稱,文山店,4
6_公司品牌名稱,新竹廠,4
6_公司品牌名稱,歆美竹科,4
6_公司品牌名稱,里歐大竹店,4
6_公司品牌名稱,里歐萬大店,4
6_公司品牌名稱,青埔店,4
6_公司品牌名稱,住商台南南紡店,4
6_公司品牌名稱,竹北門市,4
6_公司品牌名稱,永和比漾店,4
6_公司品牌名稱,台中新時代店,4
6_公司品牌名稱,台中麗寶,4
6_公司品牌名稱,大立店,4
6_公司品牌名稱,義大店,4
6_公司品牌名稱,汐止遠雄,4
6_公司品牌名稱,美麗華店,4
6_公司品牌名稱,大港參貳牛排館_鼎山店,4
6_公司品牌名稱,台中三井湖濱,4
6_公司品牌名稱,老乾杯,4
6_公司品牌名稱,狂一鍋 林口昕境店,4
6_公司品牌名稱,7-11三松門市,4
6_公司品牌名稱,ALL IN 全食理念,4
6_公司品牌名稱,B01-新竹東南店,4
6_公司品牌名稱,B04-苗栗竹南店,4
6_公司品牌名稱,B14-永和保平店,4
6_公司品牌名稱,BHC炸雞,4
6_公司品牌名稱,Buckskin柏克金南京店,4
6_公司品牌名稱,ChillaxBeauty Spa,4
6_公司品牌名稱,E-saki,4
6_公司品牌名稱,Engolili 台北車站,4
6_公司品牌名稱,Engolili 大江購物中心,4
6_公司品牌名稱,Engolili 新店裕隆城,4
6_公司品牌名稱,Engolili 板橋車站,4
6_公司品牌名稱,HONMA,4
6_公司品牌名稱,HUN 混/台中一中店,4
6_公司品牌名稱,HUN 貳/台中逢甲店,4
6_公司品牌名稱,ITRI Global Talent,4
6_公司品牌名稱,KPMG ESG,4
6_公司品牌名稱,M-H,4
6_公司品牌名稱,MOLINO手工義大利麵,4
6_公司品牌名稱,MOO-高雄夢時代店,4
6_公司品牌名稱,PI-DQE,4
6_公司品牌名稱,Potato Corner台北京站,4
6_公司品牌名稱,Potato Corner台北西門,4
6_公司品牌名稱,TBS剔邦饈,4
6_公司品牌名稱,上野烤肉飯-頭份店,4
6_公司品牌名稱,中華電信(台北),4
6_公司品牌名稱,京簡康,4
6_公司品牌名稱,八鍋聯軍百元湯鍋,4
6_公司品牌名稱,南投秋山農場,4
6_公司品牌名稱,厝秘-崇德店,4
6_公司品牌名稱,台中-蝦皮店到店,4
6_公司品牌名稱,台中柏忕,4
6_公司品牌名稱,合點壽司 台北京站店,4
6_公司品牌名稱,合點壽司 桃園華泰店,4
6_公司品牌名稱,合點壽司 竹北遠百店,4
6_公司品牌名稱,周氏蝦捲-駁二大港倉,4
6_公司品牌名稱,和牛涮台中文心崇德店,4
6_公司品牌名稱,和牛涮台北忠孝東店,4
6_公司品牌名稱,和牛涮台北羅斯福店,4
6_公司品牌名稱,和牛涮台北西門店,4
6_公司品牌名稱,和牛涮嘉義垂楊,4
6_公司品牌名稱,和牛涮新店民權店,4
6_公司品牌名稱,和牛涮板橋文化店,4
6_公司品牌名稱,和牛涮桃園同德店,4
6_公司品牌名稱,和牛涮高雄博愛店,4
6_公司品牌名稱,善菓屋,4
6_公司品牌名稱,嘉大蛋品,4
6_公司品牌名稱,塔木德酒店CLASSIC,4
6_公司品牌名稱,壹品藥局,4
6_公司品牌名稱,大漢豆腐,4
6_公司品牌名稱,宏溢中美式整復.足體,4
6_公司品牌名稱,富錦樹鐵球食堂,4
6_公司品牌名稱,富雅居實業,4
6_公司品牌名稱,工研院產科國際所,4
6_公司品牌名稱,工研院電光系統所,4
6_公司品牌名稱,巧寓舍計,4
6_公司品牌名稱,康軒校區,4
6_公司品牌名稱,復興北外婆家,4
6_公司品牌名稱,悟饕台東池上店,4
6_公司品牌名稱,惹鍋the guo pot太平店,4
6_公司品牌名稱,新莊雅聚,4
6_公司品牌名稱,日本NO.1豬排專門店-吉豚屋,4
6_公司品牌名稱,日本信義,4
6_公司品牌名稱,早安山丘歸仁店,4
6_公司品牌名稱,明水然．樂 鐵板燒 板橋重慶店,4
6_公司品牌名稱,明水然．樂 鐵板燒 淡水中山店,4
6_公司品牌名稱,明水然．樂 鐵板燒 高雄三多店,4
6_公司品牌名稱,春上布丁蛋糕-竹北總店,4
6_公司品牌名稱,藍屋,4
6_公司品牌名稱,景安素食自助餐,4
6_公司品牌名稱,月季台南中華店,4
6_公司品牌名稱,月季屏東東港店,4
6_公司品牌名稱,月季屏東驛站店,4
6_公司品牌名稱,有籽義麵 長春店,4
6_公司品牌名稱,松屋x松のや,4
6_公司品牌名稱,林口店,4
6_公司品牌名稱,果然匯｜朵頤牛排,4
6_公司品牌名稱,柒品藥局,4
6_公司品牌名稱,樂釜極上鍋物-彰化店,4
6_公司品牌名稱,樂釜極上鍋物-新莊店,4
6_公司品牌名稱,樂釜極上鍋物-芝山店,4
6_公司品牌名稱,永安素食自助餐,4
6_公司品牌名稱,法國的秘密甜點,4
6_公司品牌名稱,燒究食寓 桃園青埔店,4
6_公司品牌名稱,牛洞,4
6_公司品牌名稱,璽妃,4
6_公司品牌名稱,築田便當信義店,4
6_公司品牌名稱,美生餐室-桃園中壢店,4
6_公司品牌名稱,聚鍋台中米平方店,4
6_公司品牌名稱,聚鍋台北南昌店,4
6_公司品牌名稱,聚鍋宜蘭新月店,4
6_公司品牌名稱,艾訊一廠,4
6_公司品牌名稱,蛋雞事業部,4
6_公司品牌名稱,蝦皮智取店,4
6_公司品牌名稱,貓咪早餐店,4
6_公司品牌名稱,貳樓餐廳-台北仁愛店,4
6_公司品牌名稱,貳樓餐廳-台北師大店,4
6_公司品牌名稱,貳樓餐廳-台北西湖店,4
6_公司品牌名稱,貳樓餐廳-華泰店,4
6_公司品牌名稱,路竹廠,4
6_公司品牌名稱,軍暉門市,4
6_公司品牌名稱,遇見時茶 Ⅱ店-東山店,4
6_公司品牌名稱,野柳館,4
6_公司品牌名稱,金悅幼兒園,4
6_公司品牌名稱,錦興素食自助餐,4
6_公司品牌名稱,開心幼兒園,4
6_公司品牌名稱,陸品藥局,4
6_公司品牌名稱,雅香-延吉店,4
6_公司品牌名稱,雅香-永和店,4
6_公司品牌名稱,雙連店,4
6_公司品牌名稱,青山校區,4
6_公司品牌名稱,韓國人的飯桌,4
6_公司品牌名稱,饗 A Joy,4
6_公司品牌名稱,饗饗,4
6_公司品牌名稱,高雄榮民總醫院停車場,4
6_公司品牌名稱,魔荳幼兒園,4
6_公司品牌名稱,魚男生魚片,4
6_公司品牌名稱,鱻盅鍋物龍井店,4
6_公司品牌名稱,鴨寮街-義享二店,4
6_公司品牌名稱,點水樓，最道地的江浙菜餐廳,4
6_公司品牌名稱,龜記茗品-大巨蛋店,4
6_公司品牌名稱,叁玖良駅,4
6_公司品牌名稱,大林本院,4
6_公司品牌名稱,茶爵寒拾苑,4
6_公司品牌名稱,快樂57團隊-太保故宮南院店,4
6_公司品牌名稱,日美廠,4
6_公司品牌名稱,添好運-麗寶店,4
6_公司品牌名稱,添好運-台北站前店,4
6_公司品牌名稱,斗南分院,4
6_公司品牌名稱,三井台中港店,4
6_公司品牌名稱,金爸爸 新光中港店,4
6_公司品牌名稱,大直美麗華店-添好運,4
6_公司品牌名稱,明華店,4
6_公司品牌名稱,台東-歐鄉,4
6_公司品牌名稱,杏子豬排-台南西門,4
6_公司品牌名稱,橋村炸雞-板橋環球店,4
6_公司品牌名稱,柳吟國文,4
6_公司品牌名稱,碳佐麻里-高雄時代店,4
6_公司品牌名稱,京都勝牛-南港Lalaport店,4
6_公司品牌名稱,欣葉台菜 創始店,4
6_公司品牌名稱,欣葉台菜 忠孝店,4
6_公司品牌名稱,欣葉小聚 南港店,4
6_公司品牌名稱,欣葉小聚 林口店,4
6_公司品牌名稱,欣葉台菜 信義A9店,4
6_公司品牌名稱,添好運-台中中港店,4
6_公司品牌名稱,花蓮-來來牛排,4
6_公司品牌名稱,茶爵,4
6_公司品牌名稱,台東-來來牛排,4
6_公司品牌名稱,蝦威夷釣蝦餐廳,4
6_公司品牌名稱,潭日月,4
6_公司品牌名稱,辦公用品供應商領導品牌-總務倉庫,4
6_公司品牌名稱,全台第一家牙醫醫院,4
6_公司品牌名稱,台大醫院店,4
6_公司品牌名稱,欣葉NAGOMI 新中山店,4
6_公司品牌名稱,段純貞-台南小西門店,4
6_公司品牌名稱,澄清店,4
6_公司品牌名稱,高雄楠梓- 台積電廠區,4
6_公司品牌名稱,臺北松江店,4
6_公司品牌名稱,新店美河店,4
6_公司品牌名稱,泛信義,4
6_公司品牌名稱,住好宅物業,4
6_公司品牌名稱,櫻花,4
6_公司品牌名稱,鴻海,4
6_公司品牌名稱,裕隆,4
6_公司品牌名稱,夏慕尼台北忠孝東店,3
6_公司品牌名稱,杏子豬排-三重CityLink,3
6_公司品牌名稱,京都勝牛-高雄店,3
6_公司品牌名稱,Miopane台北車站店,3
6_公司品牌名稱,點點心-遠百竹北店,3
6_公司品牌名稱,YAYOI彌生軒日本定食,3
6_公司品牌名稱,主幼商場-楠梓店,3
6_公司品牌名稱,國強店,3
6_公司品牌名稱,大衛店,3
6_公司品牌名稱,歆美高鐵,3
6_公司品牌名稱,永和店,3
6_公司品牌名稱,豐田店,3
6_公司品牌名稱,過嶺店,3
6_公司品牌名稱,高雄人派,3
6_公司品牌名稱,勝政豬排-南港環球店,3
6_公司品牌名稱,高雄夢時代店,3
6_公司品牌名稱,三創店,3
6_公司品牌名稱,林口環球A8店,3
6_公司品牌名稱,竹北遠百店,3
6_公司品牌名稱,台中新光店,3
6_公司品牌名稱,台中麗寶店,3
6_公司品牌名稱,屏東環球店,3
6_公司品牌名稱,岡山秀泰店,3
6_公司品牌名稱,新光南西店,3
6_公司品牌名稱,住商淡水團隊,3
6_公司品牌名稱,SUAGE北海道湯咖哩-林口店,3
6_公司品牌名稱,Bonchon 本村炸雞_高雄新光左營店,3
6_公司品牌名稱,Bonchon 本村炸雞_台北小巨蛋店,3
6_公司品牌名稱,福喜滿-南港Lalaport店,3
6_公司品牌名稱,九勺涮涮鍋,3
6_公司品牌名稱,哈肉鍋-好肉鍋物,3
6_公司品牌名稱,微風廣場店,3
6_公司品牌名稱,小林眼鏡-仁雄登發,3
6_公司品牌名稱,小林眼鏡-中和,3
6_公司品牌名稱,小林眼鏡-台北八德,3
6_公司品牌名稱,小林眼鏡-大橋頭延三,3
6_公司品牌名稱,小林眼鏡-宜蘭,3
6_公司品牌名稱,小林眼鏡-新店安康,3
6_公司品牌名稱,小林眼鏡-泰山,3
6_公司品牌名稱,小林眼鏡-竹科,3
6_公司品牌名稱,狂一鍋 中和永貞店,3
6_公司品牌名稱,芝麻柚子 竹北,3
6_公司品牌名稱,2026中租亞太MA,3
6_公司品牌名稱,7-11三井門市,3
6_公司品牌名稱,7-11和安門市,3
6_公司品牌名稱,AMBER HILL 信義A9,3
6_公司品牌名稱,B02-新竹清大店,3
6_公司品牌名稱,B08-桃園楊梅店,3
6_公司品牌名稱,B09-桃園龍潭店,3
6_公司品牌名稱,B52-大里益民店,3
6_公司品牌名稱,BR4復興SOGO門市,3
6_公司品牌名稱,EASY WAY-信義松山店,3
6_公司品牌名稱,Engolili 板橋大遠百,3
6_公司品牌名稱,HPE高電壓產品,3
6_公司品牌名稱,ICC,3
6_公司品牌名稱,LA ONE Café,3
6_公司品牌名稱,LA ONE 中央工廠,3
6_公司品牌名稱,LOPIA南港Lalaport店,3
6_公司品牌名稱,LOPIA台北美麗華,3
6_公司品牌名稱,MAGiC TOUCH点爭鮮,3
6_公司品牌名稱,Potato Corner統一時代,3
6_公司品牌名稱,SUAGE北海道湯咖哩-大直美麗華店,3
6_公司品牌名稱,SUBWAY立賢店,3
6_公司品牌名稱,SUO 所 / 台中勤美店,3
6_公司品牌名稱,Top Cap Steakhouse,3
6_公司品牌名稱,UDON讚岐烏龍麵,3
6_公司品牌名稱,Uber,3
6_公司品牌名稱,WIRED CHAYA茶屋-內湖店,3
6_公司品牌名稱,WIRED CHAYA茶屋-南港店,3
6_公司品牌名稱,moon one和牛燒物,3
6_公司品牌名稱,❤︎住商鳳山保泰團隊❤︎,3
6_公司品牌名稱,さち福や-內湖店(日式定食),3
6_公司品牌名稱,一品活蝦,3
6_公司品牌名稱,三色三味-鼎山店,3
6_公司品牌名稱,上野烤肉飯-台中梧棲店,3
6_公司品牌名稱,八德介壽店,3
6_公司品牌名稱,中原店,3
6_公司品牌名稱,中華素食自助餐,3
6_公司品牌名稱,九如美學館,3
6_公司品牌名稱,五結廠,3
6_公司品牌名稱,人生百味串燒居酒屋-松菸店,3
6_公司品牌名稱,人生百味串燒居酒屋,3
6_公司品牌名稱,住商忠孝統領店,3
6_公司品牌名稱,住商石牌自強店,3
6_公司品牌名稱,中倉,3
6_公司品牌名稱,偷鍋梧棲店,3
6_公司品牌名稱,儷景溫泉,3
6_公司品牌名稱,全能之星,3
6_公司品牌名稱,六扇門-中山農安店,3
6_公司品牌名稱,六扇門-中正福州店,3
6_公司品牌名稱,六扇門-北投懷德店,3
6_公司品牌名稱,六扇門-台中大里店,3
6_公司品牌名稱,六扇門-台中太平店,3
6_公司品牌名稱,六扇門-台中東興店,3
6_公司品牌名稱,六扇門-台中河南店,3
6_公司品牌名稱,六扇門-台中漢口店,3
6_公司品牌名稱,六扇門-台中烏日店,3
6_公司品牌名稱,六扇門-台中高工店,3
6_公司品牌名稱,六扇門-台南永大店,3
6_公司品牌名稱,六扇門-台南金華店,3
6_公司品牌名稱,六扇門-台東博愛店,3
6_公司品牌名稱,六扇門-員林中山店,3
6_公司品牌名稱,六扇門-善化中山店,3
6_公司品牌名稱,六扇門-嘉義大雅店,3
6_公司品牌名稱,六扇門-嘉義民雄店,3
6_公司品牌名稱,六扇門-小港孔鳳店,3
6_公司品牌名稱,六扇門-彰化二林店,3
6_公司品牌名稱,六扇門-彰化和美店,3
6_公司品牌名稱,六扇門-新店安康店,3
6_公司品牌名稱,六扇門-新竹南寮店,3
6_公司品牌名稱,六扇門-新竹大庄店,3
6_公司品牌名稱,六扇門-新竹新豐店,3
6_公司品牌名稱,六扇門-新竹東南店,3
6_公司品牌名稱,六扇門-板橋民治店,3
6_公司品牌名稱,六扇門-梧棲文化店,3
6_公司品牌名稱,六扇門-楊梅新城店,3
6_公司品牌名稱,六扇門-樹林溪北店,3
6_公司品牌名稱,六扇門-永和福和店,3
6_公司品牌名稱,六扇門-永康中山南店,3
6_公司品牌名稱,六扇門-汐止忠孝東店,3
6_公司品牌名稱,六扇門-清水光華店,3
6_公司品牌名稱,六扇門-秀水中山店,3
6_公司品牌名稱,六扇門-竹東杞林店,3
6_公司品牌名稱,六扇門-苗栗中山店,3
6_公司品牌名稱,六扇門-草屯中山店,3
6_公司品牌名稱,六扇門-西螺福興店,3
6_公司品牌名稱,六扇門-豐原和平店,3
6_公司品牌名稱,六扇門-龍潭北龍店,3
6_公司品牌名稱,勝政豬排-大直美麗華店,3
6_公司品牌名稱,勝政豬排-天母SOGO店,3
6_公司品牌名稱,勝政豬排-統一時代店,3
6_公司品牌名稱,台北內湖區 漢來物管,3
6_公司品牌名稱,台北南昌店,3
6_公司品牌名稱,台北古亭蒔穗美學牙醫,3
6_公司品牌名稱,台北大巨蛋,3
6_公司品牌名稱,台北忠孝敦化日亞美牙醫,3
6_公司品牌名稱,台北木柵廠,3
6_公司品牌名稱,台南中華店,3
6_公司品牌名稱,台南安南區 漢來物管,3
6_公司品牌名稱,台南安平店,3
6_公司品牌名稱,台南東區林森店,3
6_公司品牌名稱,台南永華店,3
6_公司品牌名稱,台南蒔光美學牙醫,3
6_公司品牌名稱,台江幼兒園,3
6_公司品牌名稱,台灣夏普,3
6_公司品牌名稱,合點壽司 台北內湖店,3
6_公司品牌名稱,和牛涮竹北光明店,3
6_公司品牌名稱,和牛涮頭份尚順育樂世界店,3
6_公司品牌名稱,善菓堂,3
6_公司品牌名稱,善菓屋復北店,3
6_公司品牌名稱,嘉北門市,3
6_公司品牌名稱,嘉太門市,3
6_公司品牌名稱,嘉義廠區,3
6_公司品牌名稱,嘉義頭橋-伊貝兒,3
6_公司品牌名稱,公館門市,3
6_公司品牌名稱,大直門市,3
6_公司品牌名稱,城市科大,3
6_公司品牌名稱,基隆愛二店,3
6_公司品牌名稱,夏慕尼板橋民生店,3
6_公司品牌名稱,大寮店,3
6_公司品牌名稱,大茗-台北內湖店,3
6_公司品牌名稱,大茗-台北公館店,3
6_公司品牌名稱,大茗-台北站前店,3
6_公司品牌名稱,大茗-台北通化店,3
6_公司品牌名稱,大茗-新竹金山店,3
6_公司品牌名稱,天母SOGO,3
6_公司品牌名稱,太和工房,3
6_公司品牌名稱,好士康,3
6_公司品牌名稱,孫家將,3
6_公司品牌名稱,安南幼兒園,3
6_公司品牌名稱,宴京燒臘 - 竹南店,3
6_公司品牌名稱,宴會廳-大直典華,3
6_公司品牌名稱,富鼎旺-東興店,3
6_公司品牌名稱,寶山台積電,3
6_公司品牌名稱,寶食門市,3
6_公司品牌名稱,小林眼鏡-三峽,3
6_公司品牌名稱,小林眼鏡-三峽北大,3
6_公司品牌名稱,小林眼鏡-三重三和,3
6_公司品牌名稱,小林眼鏡-北港,3
6_公司品牌名稱,小林眼鏡-台中崇德,3
6_公司品牌名稱,小林眼鏡-台南佳里,3
6_公司品牌名稱,小林眼鏡-和美,3
6_公司品牌名稱,小林眼鏡-新竹民生,3
6_公司品牌名稱,小林眼鏡-林口文化,3
6_公司品牌名稱,小林眼鏡-桃鶯,3
6_公司品牌名稱,小林眼鏡-路竹,3
6_公司品牌名稱,小林眼鏡-高雄茄萣,3
6_公司品牌名稱,小林眼鏡-麻豆,3
6_公司品牌名稱,工研院人資處,3
6_公司品牌名稱,工研院產服中心,3
6_公司品牌名稱,席樂法式餐廳,3
6_公司品牌名稱,府中誠品板橋店,3
6_公司品牌名稱,建國素食自助餐,3
6_公司品牌名稱,快樂57團隊-好市多店,3
6_公司品牌名稱,悅初 Bakery酵素麵包,3
6_公司品牌名稱,想想咖哩-新光三越A11館,3
6_公司品牌名稱,承知助 - 南港店,3
6_公司品牌名稱,新竹巨城店,3
6_公司品牌名稱,日常時光-錦州店,3
6_公司品牌名稱,明水然・樂 鐵板燒 台北中山北店-籌備中,3
6_公司品牌名稱,明水然．樂 鐵板燒 信義松菸店,3
6_公司品牌名稱,明水然．樂 鐵板燒 彰化地區,3
6_公司品牌名稱,時尚假期-台中中港店,3
6_公司品牌名稱,武蔵野森珈琲Diner,3
6_公司品牌名稱,果然匯,3
6_公司品牌名稱,樂釜極上鍋物-重新店,3
6_公司品牌名稱,樂釜極上鍋物-長榮店,3
6_公司品牌名稱,欣欣,3
6_公司品牌名稱,永強金屬,3
6_公司品牌名稱,沐沐茶旅-健行店,3
6_公司品牌名稱,沐沐茶旅-公益總店,3
6_公司品牌名稱,沐白,3
6_公司品牌名稱,河堤戀館,3
6_公司品牌名稱,海龍珠 海鮮餐廳,3
6_公司品牌名稱,滬品上海湯包,3
6_公司品牌名稱,熱情專業_日本第一定食品牌,3
6_公司品牌名稱,狂一鍋 台北西門店,3
6_公司品牌名稱,玉成素食自助餐,3
6_公司品牌名稱,真珠,3
6_公司品牌名稱,真福共好基地,3
6_公司品牌名稱,碳佐麻里-台南新興店,3
6_公司品牌名稱,禾舍Brunch&Bistro,3
6_公司品牌名稱,童心幼兒園,3
6_公司品牌名稱,羅東純精店,3
6_公司品牌名稱,美生餐室-桃園中華店,3
6_公司品牌名稱,美麗華旗艦店,3
6_公司品牌名稱,義大醫院B1美食街,3
6_公司品牌名稱,耐斯廣場,3
6_公司品牌名稱,聯上高爾夫球場,3
6_公司品牌名稱,聯合利華,3
6_公司品牌名稱,肉次方,3
6_公司品牌名稱,臺虎 啜飲室大安,3
6_公司品牌名稱,臺虎居餃屋,3
6_公司品牌名稱,興城素食自助餐,3
6_公司品牌名稱,范記金之園,3
6_公司品牌名稱,荷李活茶街,3
6_公司品牌名稱,荷米旅居,3
6_公司品牌名稱,莊敬店,3
6_公司品牌名稱,菇神 鹿谷店,3
6_公司品牌名稱,華頓中都幼兒園,3
6_公司品牌名稱,薇妮幼兒園,3
6_公司品牌名稱,薇恩幼兒園,3
6_公司品牌名稱,薇格幼兒園,3
6_公司品牌名稱,薇楓幼兒園,3
6_公司品牌名稱,裕誠店,3
6_公司品牌名稱,貳品藥局,3
6_公司品牌名稱,貳樓餐廳-台北公館店,3
6_公司品牌名稱,貳樓餐廳-台北微風店,3
6_公司品牌名稱,赤鬼逢甲,3
6_公司品牌名稱,遠傳大人物,3
6_公司品牌名稱,酷澎通運,3
6_公司品牌名稱,醉焉樓,3
6_公司品牌名稱,野饗鍋鍋物明誠店,3
6_公司品牌名稱,鎰術鍍膜高雄旗艦店,3
6_公司品牌名稱,長春名人館,3
6_公司品牌名稱,阿秋大肥鵝-市政店,3
6_公司品牌名稱,雙橡園_台中七期豪宅,3
6_公司品牌名稱,饗泰多,3
6_公司品牌名稱,饗麻饗辣PLUS,3
6_公司品牌名稱,饗點鍋-五結創始店,3
6_公司品牌名稱,馥華枕月,3
6_公司品牌名稱,馨苑小料理-西區店,3
6_公司品牌名稱,高雄-榮民之家,3
6_公司品牌名稱,高雄前金區 漢來物管,3
6_公司品牌名稱,高雄館,3
6_公司品牌名稱,高雄鼓山/左營區 漢來物管,3
6_公司品牌名稱,鴨寮街-鳳山店,3
6_公司品牌名稱,麥記燒臘松山機場店,3
6_公司品牌名稱,麻小辣光華店,3
6_公司品牌名稱,點點心-三井林口店,3
6_公司品牌名稱,點點心-台茂南崁店,3
6_公司品牌名稱,點點心-巨城新竹店,3
6_公司品牌名稱,點點心-新光桃園店,3
6_公司品牌名稱,鼎倫,3
6_公司品牌名稱,龍涎居．好湯,3
6_公司品牌名稱,龍爺鳳娘會館,3
6_公司品牌名稱,城市商旅-真愛館,3
6_公司品牌名稱,北區-好食慢慢,3
6_公司品牌名稱,北台北辦事處,3
6_公司品牌名稱,中村.五權西路站,3
6_公司品牌名稱,台中太平廠,3
6_公司品牌名稱,劍湖山主題樂園,3
6_公司品牌名稱,貳樓SKM店,3
6_公司品牌名稱,貳樓微風北車店,3
6_公司品牌名稱,康是美 三井藥局,3
6_公司品牌名稱,龍潭廠,3
6_公司品牌名稱,全家便利商店-佳里中山店,3
6_公司品牌名稱,南港Lalaport店,3
6_公司品牌名稱,三井台南店,3
6_公司品牌名稱,大墩店,3
6_公司品牌名稱,杏子豬排-台北京站店,3
6_公司品牌名稱,鳳頂店,3
6_公司品牌名稱,內湖創始店,3
6_公司品牌名稱,南港旗艦店,3
6_公司品牌名稱,杏子豬排-新店裕隆城店,3
6_公司品牌名稱,段純貞-台北京站店,3
6_公司品牌名稱,段純貞-信義時代二館,3
6_公司品牌名稱,雞三和-台中廣三SOGO店,3
6_公司品牌名稱,雞三和-左營區,3
6_公司品牌名稱,雞三和-板橋環球,3
6_公司品牌名稱,中科店,3
6_公司品牌名稱,京都勝牛-漢神巨蛋店,3
6_公司品牌名稱,民善店,3
6_公司品牌名稱,新店區裕隆城,3
6_公司品牌名稱,花藝門市,3
6_公司品牌名稱,台中JMALL-添好運,3
6_公司品牌名稱,台灣中油潭子站,3
6_公司品牌名稱,儒林幼兒園,3
6_公司品牌名稱,台中崇德店,3
6_公司品牌名稱,桃園龍潭店,3
6_公司品牌名稱,欣葉台菜 南西店,3
6_公司品牌名稱,小林髮廊(中區),3
6_公司品牌名稱,添好運-台中J-Mall店,3
6_公司品牌名稱,添好運-南港三井店,3
6_公司品牌名稱,隨意鳥地方 遠東大巨蛋,3
6_公司品牌名稱,松山店,3
6_公司品牌名稱,大江店,3
6_公司品牌名稱,龍銀辰拉麵食堂,3
6_公司品牌名稱,初物鐵板燒&鍋物,3
6_公司品牌名稱,員和非營利幼兒園,3
6_公司品牌名稱,永翠非營利幼兒園,3
6_公司品牌名稱,泰好非營利幼兒園,3
6_公司品牌名稱,住商嶺東科大店,3
6_公司品牌名稱,林口員升廠,3
6_公司品牌名稱,台灣中油國際路站,3
6_公司品牌名稱,康橋慢旅,3
6_公司品牌名稱,爍場串燒居酒屋,3
6_公司品牌名稱,欣葉日本料理 中茂店,3
6_公司品牌名稱,金大方鍋物,3
6_公司品牌名稱,京明門市,3
6_公司品牌名稱,文康門市,3
6_公司品牌名稱,翔盛門市,3
6_公司品牌名稱,1+1鍋物,3
6_公司品牌名稱,Miopane-桃園台茂購物中心店,3
6_公司品牌名稱,義享時尚廣場,3
6_公司品牌名稱,壽險,3
6_公司品牌名稱,信義地政士聯合,3
6_公司品牌名稱,ETC遠通電收股份,3
6_公司品牌名稱,香繼光,3
6_公司品牌名稱,冠龍外勞,3
6_公司品牌名稱,勝宏實業股份,3
6_公司品牌名稱,品帥,3
6_公司品牌名稱,美麗新,3
6_公司品牌名稱,鴻海子,3
6_公司品牌名稱,鼎珍旺國際事業,3
6_公司品牌名稱,派對之星PARTY STAR-士林店,2
6_公司品牌名稱,三星家電,2
6_公司品牌名稱,路易奇電力公司-信義電廠,2
6_公司品牌名稱,路易奇電力公司-景安電廠,2
6_公司品牌名稱,MFG3,2
6_公司品牌名稱,三民旗艦店,2
6_公司品牌名稱,頂溪門市,2
6_公司品牌名稱,台中大遠百,2
6_公司品牌名稱,台北京站,2
6_公司品牌名稱,海諾帝商用淨水,2
6_公司品牌名稱,信義區:大巨蛋商場,2
6_公司品牌名稱,忠孝Sogo店,2
6_公司品牌名稱,內湖大全聯店,2
6_公司品牌名稱,台中大墩店,2
6_公司品牌名稱,八德會館,2
6_公司品牌名稱,台中北屯會館,2
6_公司品牌名稱,台中大墩會館,2
6_公司品牌名稱,台南中華會館,2
6_公司品牌名稱,永安會館,2
6_公司品牌名稱,湳雅會館,2
6_公司品牌名稱,台北新築窟,2
6_公司品牌名稱,✨威獅倉✨,2
6_公司品牌名稱,bgreen運動家具,2
6_公司品牌名稱,三義雅聞,2
6_公司品牌名稱,中龍,2
6_公司品牌名稱,主幼商場-藍田店,2
6_公司品牌名稱,主幼商場-鹿港店,2
6_公司品牌名稱,伍店蛋餅,2
6_公司品牌名稱,台積電廠區,2
6_公司品牌名稱,宸安藥局,2
6_公司品牌名稱,山田昌史老師實驗室,2
6_公司品牌名稱,新市momo,2
6_公司品牌名稱,玉井黑貓,2
6_公司品牌名稱,發財青海店,2
6_公司品牌名稱,祥美食品,2
6_公司品牌名稱,義大,2
6_公司品牌名稱,里歐歐式早午餐三峽中園店,2
6_公司品牌名稱,雞吉君拉麵品牌/西門店,2
6_公司品牌名稱,青峰店,2
6_公司品牌名稱,頭屋七里香玫瑰森林,2
6_公司品牌名稱,高雄市私立仁澄幼兒園,2
6_公司品牌名稱,首塢爾,2
6_公司品牌名稱,奇麗屋專櫃銷售員,2
6_公司品牌名稱,台南三井Outlet二期,2
6_公司品牌名稱,南大門市,2
6_公司品牌名稱,福喜滿-民權店,2
6_公司品牌名稱,住商中興新村店,2
6_公司品牌名稱,台中lala port店,2
6_公司品牌名稱,南紡店,2
6_公司品牌名稱,饗泰多 台中大遠百店,2
6_公司品牌名稱,台東秀泰,2
6_公司品牌名稱,BEPPIN義大利麵-東興店,2
6_公司品牌名稱,Bonchon 本村炸雞_高雄大立店,2
6_公司品牌名稱,福喜滿-信義永春店,2
6_公司品牌名稱,薄多義-中央廚房,2
6_公司品牌名稱,台中文心秀泰店,2
6_公司品牌名稱,台南新光小北門店,2
6_公司品牌名稱,京站店,2
6_公司品牌名稱,微風新南山店,2
6_公司品牌名稱,統一時代店,2
6_公司品牌名稱,永和比漾廣場店,2
6_公司品牌名稱,住商嘉義忠孝店,2
6_公司品牌名稱,大戶屋日本定食料理-北上就業專案,2
6_公司品牌名稱,勝政豬排-中壢大江店,2
6_公司品牌名稱,勝政豬排-新店裕隆城,2
6_公司品牌名稱,幸福味彰化線西店,2
6_公司品牌名稱,苗栗縣-智取店,2
6_公司品牌名稱,台南市-智取店,2
6_公司品牌名稱,花蓮縣-智取店,2
6_公司品牌名稱,新北板橋-智取店,2
6_公司品牌名稱,威富空調,2
6_公司品牌名稱,小林眼鏡-大勇,2
6_公司品牌名稱,小林眼鏡-高雄七賢,2
6_公司品牌名稱,小林眼鏡-中和環球,2
6_公司品牌名稱,小林眼鏡-內湖,2
6_公司品牌名稱,小林眼鏡-師大路,2
6_公司品牌名稱,小林眼鏡-廣慈福德,2
6_公司品牌名稱,小林眼鏡-西門町,2
6_公司品牌名稱,狂一鍋 淡水北新店,2
6_公司品牌名稱,狂一鍋 高雄義享店,2
6_公司品牌名稱,19To1鮮選牛排專賣店,2
6_公司品牌名稱,50嵐。中壢,2
6_公司品牌名稱,7-11敦南門市,2
6_公司品牌名稱,7-11新饒河門市,2
6_公司品牌名稱,7-11港高鐵門市,2
6_公司品牌名稱,7-11玉成門市,2
6_公司品牌名稱,Apple產品,2
6_公司品牌名稱,Arsham皇家波斯地毯,2
6_公司品牌名稱,B03-新竹竹東店,2
6_公司品牌名稱,B05-竹北博愛店,2
6_公司品牌名稱,B06-桃園中壢店,2
6_公司品牌名稱,B07-竹北文興店,2
6_公司品牌名稱,B10-霧峰中正店,2
6_公司品牌名稱,B13-新豐新興店,2
6_公司品牌名稱,B15-蘆洲光華店,2
6_公司品牌名稱,B18-板橋國光店,2
6_公司品牌名稱,B20-台中大甲店,2
6_公司品牌名稱,B21-新北三重店,2
6_公司品牌名稱,B23-台中逢甲店,2
6_公司品牌名稱,B24-新莊輔大店,2
6_公司品牌名稱,B25-北投明德店,2
6_公司品牌名稱,B33-北投公館店,2
6_公司品牌名稱,B35-台北信義店,2
6_公司品牌名稱,B36-大安臥龍店,2
6_公司品牌名稱,B37-中正北門店,2
6_公司品牌名稱,B39-新店中正店,2
6_公司品牌名稱,B44-台北合江店,2
6_公司品牌名稱,B46-松山八德店,2
6_公司品牌名稱,B48-內湖東湖店,2
6_公司品牌名稱,B55-內湖江南店,2
6_公司品牌名稱,B56-大安東豐店,2
6_公司品牌名稱,B58-大同長安店,2
6_公司品牌名稱,B59-中山天祥店,2
6_公司品牌名稱,B61-士林小東店,2
6_公司品牌名稱,B62-中正寧波店,2
6_公司品牌名稱,B72-台中南屯店,2
6_公司品牌名稱,BEPPIN義大利麵-大直美麗華店,2
6_公司品牌名稱,BLUBLU Kafe,2
6_公司品牌名稱,Bacha Coffee,2
6_公司品牌名稱,Gogoro,2
6_公司品牌名稱,JAI 宅/台中一中店,2
6_公司品牌名稱,JAI 宅/台中水湳店,2
6_公司品牌名稱,JAI 宅/台北西門店,2
6_公司品牌名稱,JPD穿洞日常,2
6_公司品牌名稱,Kanpai,2
6_公司品牌名稱,LOPIA台中IKEA店,2
6_公司品牌名稱,LOPIA新莊宏匯店,2
6_公司品牌名稱,LOPIA環球中和店,2
6_公司品牌名稱,LOPIA高雄漢神巨蛋店,2
6_公司品牌名稱,Manpower 內部職缺,2
6_公司品牌名稱,NO CODE TAIPEI,2
6_公司品牌名稱,PAPAYA泰 泰式料理,2
6_公司品牌名稱,PAPAYA泰,2
6_公司品牌名稱,PAPIPAPI 西班牙餐酒館  中山店,2
6_公司品牌名稱,Potato Corner新竹巨城,2
6_公司品牌名稱,Potato Corner桃園大江,2
6_公司品牌名稱,SHARE LOUNGE-南港店,2
6_公司品牌名稱,SHARE LOUNGE-松山店,2
6_公司品牌名稱,SO NICE,2
6_公司品牌名稱,Ubereats優市,2
6_公司品牌名稱,ViBES歌喉響宴KTV,2
6_公司品牌名稱,WIRED CHAYA茶屋-高雄店,2
6_公司品牌名稱,一宮壽喜燒,2
6_公司品牌名稱,一心美食育樂館,2
6_公司品牌名稱,一蘭拉麵-台中,2
6_公司品牌名稱,三創生活,2
6_公司品牌名稱,三重國小捷運店,2
6_公司品牌名稱,三重所,2
6_公司品牌名稱,上野烤肉飯-屏東店,2
6_公司品牌名稱,中一轉運中心,2
6_公司品牌名稱,中壢所,2
6_公司品牌名稱,中壢服務中心,2
6_公司品牌名稱,中壢龍岡店,2
6_公司品牌名稱,中央素食自助餐,2
6_公司品牌名稱,中山招待所,2
6_公司品牌名稱,中工,2
6_公司品牌名稱,中東所,2
6_公司品牌名稱,中洲建設,2
6_公司品牌名稱,中都校,2
6_公司品牌名稱,串家物語-台南店,2
6_公司品牌名稱,二重疏洪道停車場,2
6_公司品牌名稱,五甲店,2
6_公司品牌名稱,五股所,2
6_公司品牌名稱,五股老人公寓,2
6_公司品牌名稱,京站,2
6_公司品牌名稱,仁德所,2
6_公司品牌名稱,仁武校,2
6_公司品牌名稱,住商北投捷運店,2
6_公司品牌名稱,住商頂峯團隊,2
6_公司品牌名稱,信義莊敬店,2
6_公司品牌名稱,乾杯信義區,2
6_公司品牌名稱,全新品牌-閩山水,2
6_公司品牌名稱,全聯Ｘ善美的,2
6_公司品牌名稱,八方雲集土城頂埔店,2
6_公司品牌名稱,八方雲集富農店,2
6_公司品牌名稱,六哥鮮果專賣廣場,2
6_公司品牌名稱,六扇門-中壢龍岡店,2
6_公司品牌名稱,六扇門-五股成泰店,2
6_公司品牌名稱,六扇門-北港大同店,2
6_公司品牌名稱,六扇門-南屯永春店,2
6_公司品牌名稱,六扇門-南投埔里店,2
6_公司品牌名稱,六扇門-台中后里店,2
6_公司品牌名稱,六扇門-台中東勢店,2
6_公司品牌名稱,六扇門-台中東海店,2
6_公司品牌名稱,六扇門-台中霧峰店,2
6_公司品牌名稱,六扇門-台南仁安店,2
6_公司品牌名稱,六扇門-台南海佃店,2
6_公司品牌名稱,六扇門-土城中央店,2
6_公司品牌名稱,六扇門-基隆深溪店,2
6_公司品牌名稱,六扇門-大溪慈湖店,2
6_公司品牌名稱,六扇門-宜蘭民族店,2
6_公司品牌名稱,六扇門-宜蘭羅東店,2
6_公司品牌名稱,六扇門-宜蘭蘇澳店,2
6_公司品牌名稱,六扇門-彰化中華店,2
6_公司品牌名稱,六扇門-彰化曉陽店,2
6_公司品牌名稱,六扇門-彰化鹿港店,2
6_公司品牌名稱,六扇門-新北化成店,2
6_公司品牌名稱,六扇門-新營三民店,2
6_公司品牌名稱,六扇門-新竹光復店,2
6_公司品牌名稱,六扇門-新竹延平店,2
6_公司品牌名稱,六扇門-新竹建功店,2
6_公司品牌名稱,六扇門-新竹湖口店,2
6_公司品牌名稱,六扇門-東港光復店,2
6_公司品牌名稱,六扇門-林口文化店,2
6_公司品牌名稱,六扇門-桃園八德店,2
6_公司品牌名稱,六扇門-桃園民族店,2
6_公司品牌名稱,六扇門-沙鹿北勢東店,2
6_公司品牌名稱,六扇門-潭子勝利店,2
6_公司品牌名稱,六扇門-竹北東興店,2
6_公司品牌名稱,六扇門-花蓮中山店,2
6_公司品牌名稱,六扇門-苑裡慈和店,2
6_公司品牌名稱,六扇門-蘆洲光華店,2
6_公司品牌名稱,六扇門-雲林斗六店,2
6_公司品牌名稱,六扇門-雲林虎尾店,2
6_公司品牌名稱,六扇門-頭份中正店,2
6_公司品牌名稱,六扇門-頭份建國店,2
6_公司品牌名稱,六扇門-高雄三民鼎山店,2
6_公司品牌名稱,六扇門-高雄十全店,2
6_公司品牌名稱,六扇門-鶯歌建國店,2
6_公司品牌名稱,六扇門–台中龍井廠,2
6_公司品牌名稱,凱基人壽,2
6_公司品牌名稱,創世紀,2
6_公司品牌名稱,勝勢豬排-南港店,2
6_公司品牌名稱,勝勢豬排-大巨蛋店,2
6_公司品牌名稱,勝勢豬排-板橋大遠百店,2
6_公司品牌名稱,勝政豬排-林口三井店,2
6_公司品牌名稱,北一轉,2
6_公司品牌名稱,北投/Ubereats優市,2
6_公司品牌名稱,北極星團隊,2
6_公司品牌名稱,北車誠品店,2
6_公司品牌名稱,千壹方,2
6_公司品牌名稱,半島海悅,2
6_公司品牌名稱,南港Lalaport,2
6_公司品牌名稱,南港環球店,2
6_公司品牌名稱,厝秘-大里店,2
6_公司品牌名稱,古斯塔亨利,2
6_公司品牌名稱,只想洗髮中山店,2
6_公司品牌名稱,只想洗髮信義店,2
6_公司品牌名稱,只想洗髮士林店,2
6_公司品牌名稱,只想洗髮大有店,2
6_公司品牌名稱,只想洗髮汐止店,2
6_公司品牌名稱,台X人壽,2
6_公司品牌名稱,麗寶熊大店,2
6_公司品牌名稱,台中日蒔美學牙醫,2
6_公司品牌名稱,台中最暖胃的所在,2
6_公司品牌名稱,台中洲際店,2
6_公司品牌名稱,台北捷運,2
6_公司品牌名稱,台北林森一店,2
6_公司品牌名稱,台北西寧店,2
6_公司品牌名稱,台北迪化店,2
6_公司品牌名稱,台北鳥喜,2
6_公司品牌名稱,台南三井,2
6_公司品牌名稱,台南全球旗艦店,2
6_公司品牌名稱,台南崇善店,2
6_公司品牌名稱,台南鹽行店,2
6_公司品牌名稱,台東店,2
6_公司品牌名稱,台泥-和平廠,2
6_公司品牌名稱,台灣大寬頻,2
6_公司品牌名稱,台灣大車隊,2
6_公司品牌名稱,台茂購物中心,2
6_公司品牌名稱,台菜香檳,2
6_公司品牌名稱,吃吃牛排-台中麗寶,2
6_公司品牌名稱,合點壽司 台南三井店,2
6_公司品牌名稱,向心店,2
6_公司品牌名稱,周氏蝦捲-民族大樂店,2
6_公司品牌名稱,和民居食屋 站前,2
6_公司品牌名稱,和陽行館,2
6_公司品牌名稱,和雲行動服務,2
6_公司品牌名稱,咕咕G寵物城,2
6_公司品牌名稱,品田牧場中崙大全聯店,2
6_公司品牌名稱,品田牧場台北桂林店,2
6_公司品牌名稱,品田牧場頭份尚順店,2
6_公司品牌名稱,唯寶幼兒園,2
6_公司品牌名稱,商研院,2
6_公司品牌名稱,蝦皮,2
6_公司品牌名稱,嘉義最暖胃的所在,2
6_公司品牌名稱,嘉義湖美店,2
6_公司品牌名稱,器官勸募移植中心,2
6_公司品牌名稱,嚐嚐丼飯-LaLaport南港店,2
6_公司品牌名稱,嚐嚐丼飯-小檜溪店,2
6_公司品牌名稱,北南分社,2
6_公司品牌名稱,天母門市,2
6_公司品牌名稱,東門門市,2
6_公司品牌名稱,石牌門市,2
6_公司品牌名稱,三鶯門市,2
6_公司品牌名稱,木柵門市,2
6_公司品牌名稱,桃園門市,2
6_公司品牌名稱,碧湖門市,2
6_公司品牌名稱,國際政經學院,2
6_公司品牌名稱,土城店,2
6_公司品牌名稱,土城頂埔日照中心,2
6_公司品牌名稱,埔暉門市,2
6_公司品牌名稱,壽司郎,2
6_公司品牌名稱,夏慕尼台中台灣大道店,2
6_公司品牌名稱,多邦,2
6_公司品牌名稱,大呼小叫,2
6_公司品牌名稱,大崁璽恩幼兒園,2
6_公司品牌名稱,大港參貳牛排館_鹽埕店,2
6_公司品牌名稱,大直美麗華,2
6_公司品牌名稱,大茗-中壢新明店,2
6_公司品牌名稱,大茗-信義永吉店,2
6_公司品牌名稱,大茗-南港Lalaport店,2
6_公司品牌名稱,大茗-宜蘭羅東店,2
6_公司品牌名稱,大茗-桃園統領店,2
6_公司品牌名稱,大華金屬管理處,2
6_公司品牌名稱,大豐,2
6_公司品牌名稱,天母素食自助餐,2
6_公司品牌名稱,好富門市,2
6_公司品牌名稱,好饈鐵板燒台北京站店,2
6_公司品牌名稱,好饈鐵板燒誠品站前店,2
6_公司品牌名稱,孫麵店,2
6_公司品牌名稱,安琪兒大雅托嬰中心,2
6_公司品牌名稱,宏偉家電,2
6_公司品牌名稱,宴京燒臘 - 竹北店,2
6_公司品牌名稱,富基-蘆洲館,2
6_公司品牌名稱,富錦樹新品牌頂級板前壽司 鮨つかさ,2
6_公司品牌名稱,寶雅新開幕,2
6_公司品牌名稱,小林眼鏡-三重五華,2
6_公司品牌名稱,小林眼鏡-三重正北,2
6_公司品牌名稱,小林眼鏡-中科,2
6_公司品牌名稱,小林眼鏡-仁武,2
6_公司品牌名稱,小林眼鏡-南崁忠孝,2
6_公司品牌名稱,小林眼鏡-台中東山,2
6_公司品牌名稱,小林眼鏡-台北南京,2
6_公司品牌名稱,小林眼鏡-台南歸仁,2
6_公司品牌名稱,小林眼鏡-台南海安,2
6_公司品牌名稱,小林眼鏡-台南開元,2
6_公司品牌名稱,小林眼鏡-右昌,2
6_公司品牌名稱,小林眼鏡-后里,2
6_公司品牌名稱,小林眼鏡-埔里店,2
6_公司品牌名稱,小林眼鏡-大園店,2
6_公司品牌名稱,小林眼鏡-大湳,2
6_公司品牌名稱,小林眼鏡-大灣店,2
6_公司品牌名稱,小林眼鏡-太平樹孝,2
6_公司品牌名稱,小林眼鏡-恆春,2
6_公司品牌名稱,小林眼鏡-新化,2
6_公司品牌名稱,小林眼鏡-新營,2
6_公司品牌名稱,小林眼鏡-新竹西大,2
6_公司品牌名稱,小林眼鏡-淡水,2
6_公司品牌名稱,小林眼鏡-熱河,2
6_公司品牌名稱,小林眼鏡-自由,2
6_公司品牌名稱,小林眼鏡-苗栗,2
6_公司品牌名稱,小林眼鏡-萬丹,2
6_公司品牌名稱,小林眼鏡-蘆洲長榮,2
6_公司品牌名稱,小林眼鏡-西屯太原,2
6_公司品牌名稱,小林眼鏡-豐原,2
6_公司品牌名稱,小林眼鏡-高雄內惟,2
6_公司品牌名稱,小林眼鏡-高雄小港,2
6_公司品牌名稱,小林眼鏡-高雄榮總,2
6_公司品牌名稱,小林眼鏡-高雄草衙,2
6_公司品牌名稱,小林眼鏡-高雄陽明,2
6_公司品牌名稱,展望運動-中山國中星耀樓,2
6_公司品牌名稱,工研院傳播處,2
6_公司品牌名稱,工研院服科中心,2
6_公司品牌名稱,工研院量測中心,2
6_公司品牌名稱,幸夫愛兒園,2
6_公司品牌名稱,幸福味南郭店,2
6_公司品牌名稱,後勁公共托嬰中心,2
6_公司品牌名稱,御盟驛館 SSAW餐廳,2
6_公司品牌名稱,復興素食自助餐,2
6_公司品牌名稱,心開冰室-新光信義A8店,2
6_公司品牌名稱,忠孝SOGO專櫃,2
6_公司品牌名稱,快樂幼兒園,2
6_公司品牌名稱,惠中校,2
6_公司品牌名稱,想想咖哩-台中麗寶,2
6_公司品牌名稱,想想咖哩-左營環球店,2
6_公司品牌名稱,想想咖哩-桃園機場,2
6_公司品牌名稱,想想咖哩-樹林家樂福,2
6_公司品牌名稱,愛美語明正分校,2
6_公司品牌名稱,手作廚房微風北車,2
6_公司品牌名稱,捷絲旅台北中山館,2
6_公司品牌名稱,政大公企中心,2
6_公司品牌名稱,教保產業發展中心,2
6_公司品牌名稱,教父牛排-鍋物餐廳,2
6_公司品牌名稱,敦北店,2
6_公司品牌名稱,文化素食自助餐,2
6_公司品牌名稱,斗六旗艦店,2
6_公司品牌名稱,新光三越A8專櫃,2
6_公司品牌名稱,想記新北中和店,2
6_公司品牌名稱,新北三峽區 漢來物管,2
6_公司品牌名稱,新店馬公日照中心,2
6_公司品牌名稱,新德貿蛋品,2
6_公司品牌名稱,新竹巨城專櫃,2
6_公司品牌名稱,新竹綠世界生態農場,2
6_公司品牌名稱,新竹遠百店,2
6_公司品牌名稱,新莊宏匯,2
6_公司品牌名稱,施華蔻,2
6_公司品牌名稱,日常時光-內湖店,2
6_公司品牌名稱,日常時光-市府店,2
6_公司品牌名稱,日本國際品牌庵SPA,2
6_公司品牌名稱,日系小臉沙龍 Facia,2
6_公司品牌名稱,早安山丘楠梓德賢店,2
6_公司品牌名稱,昊霖預防醫學機構,2
6_公司品牌名稱,明水然・樂 鐵板燒 信義松菸店,2
6_公司品牌名稱,明水然・樂 鐵板燒 台中星級店(逢甲),2
6_公司品牌名稱,明水然・樂 鐵板燒 新竹大遠百店,2
6_公司品牌名稱,明水然・樂 鐵板燒 新竹遠百店,2
6_公司品牌名稱,明水然・樂 鐵板燒 板橋重慶店,2
6_公司品牌名稱,明水然・樂 鐵板燒 淡水中山店,2
6_公司品牌名稱,明水然．樂 鐵板燒 台中大遠百店,2
6_公司品牌名稱,明水然．樂 鐵板燒 台中大魯閣店,2
6_公司品牌名稱,明水然．樂 鐵板燒 台中星級店(逢甲),2
6_公司品牌名稱,明水然．樂 鐵板燒 新竹遠百店,2
6_公司品牌名稱,易鼎活蝦-大里店,2
6_公司品牌名稱,易鼎活蝦-桃園店,2
6_公司品牌名稱,星胡同,2
6_公司品牌名稱,春日佐光—台南南區健康店,2
6_公司品牌名稱,春日佐光—高雄鳳山青年店,2
6_公司品牌名稱,春發號（河南店）,2
6_公司品牌名稱,昭和五七大眾酒場,2
6_公司品牌名稱,時尚假期-高雄中正店,2
6_公司品牌名稱,時尚假期-高雄巨蛋店,2
6_公司品牌名稱,曾子幼兒園,2
6_公司品牌名稱,曾子校,2
6_公司品牌名稱,曾子校國小部,2
6_公司品牌名稱,藍屋 日式料理,2
6_公司品牌名稱,朱崙老人公寓,2
6_公司品牌名稱,杷記韓式料理,2
6_公司品牌名稱,松屋-板橋新埔店,2
6_公司品牌名稱,松のや,2
6_公司品牌名稱,松山機場停車場,2
6_公司品牌名稱,松風文旅,2
6_公司品牌名稱,林口康橋總務處,2
6_公司品牌名稱,林口康橋行政處,2
6_公司品牌名稱,林口所,2
6_公司品牌名稱,桃園八德區 漢來物管,2
6_公司品牌名稱,桃園台茂,2
6_公司品牌名稱,桃園大園廠_燒臘課,2
6_公司品牌名稱,桃園春日店,2
6_公司品牌名稱,桃園營業處,2
6_公司品牌名稱,梅子鰻魚屋,2
6_公司品牌名稱,森碳柴燒餐盒-正興店,2
6_公司品牌名稱,楊梅電研,2
6_公司品牌名稱,楠梓-德祥店,2
6_公司品牌名稱,樂法瑞豐店,2
6_公司品牌名稱,欣利,2
6_公司品牌名稱,欣源,2
6_公司品牌名稱,民權店,2
6_公司品牌名稱,永和仁愛門市,2
6_公司品牌名稱,永康分校,2
6_公司品牌名稱,永義富國龍華店,2
6_公司品牌名稱,永耕托嬰中心,2
6_公司品牌名稱,沏座-小檜溪店,2
6_公司品牌名稱,泉發蜂蜜-忠孝店,2
6_公司品牌名稱,泰山（擴編儲備）,2
6_公司品牌名稱,海壽司－信義區dream plaza店,2
6_公司品牌名稱,淘鍋-永和秀朗店,2
6_公司品牌名稱,淘鍋-淡水總店,2
6_公司品牌名稱,淡水中正店,2
6_公司品牌名稱,添好運-高雄SKM店,2
6_公司品牌名稱,添好運-高雄富民店,2
6_公司品牌名稱,温野菜 台中愛買復興店,2
6_公司品牌名稱,温野菜-台中愛買復興店,2
6_公司品牌名稱,溪湖店,2
6_公司品牌名稱,溫馨食堂的微笑擔當,2
6_公司品牌名稱,滋立MIZU 料亭鍋物&私廚料理,2
6_公司品牌名稱,滿築極品鍋物-菜寮店,2
6_公司品牌名稱,漢民店,2
6_公司品牌名稱,漢神巨蛋,2
6_公司品牌名稱,潭美辦公室,2
6_公司品牌名稱,潮音廠,2
6_公司品牌名稱,澄清總店,2
6_公司品牌名稱,炒湘湘-微風信義店,2
6_公司品牌名稱,熊厚呷南港Lalaport店,2
6_公司品牌名稱,熱河店,2
6_公司品牌名稱,燒究食寓 台北總店,2
6_公司品牌名稱,牛角次男坊 台北京站店,2
6_公司品牌名稱,牛角次男坊 大葉高島屋店,2
6_公司品牌名稱,牛角次男坊 林口店,2
6_公司品牌名稱,狂一鍋 台南仁德店,2
6_公司品牌名稱,狂一鍋 嘉義博愛店,2
6_公司品牌名稱,狂一鍋 新莊復興店,2
6_公司品牌名稱,狂一鍋宜蘭店,2
6_公司品牌名稱,狂一鍋新店七張店,2
6_公司品牌名稱,獵鷹,2
6_公司品牌名稱,玩美趣,2
6_公司品牌名稱,理想PAARK 水岸生活,2
6_公司品牌名稱,瑞源店,2
6_公司品牌名稱,異域餐酒館,2
6_公司品牌名稱,知淳,2
6_公司品牌名稱,禾雅門市,2
6_公司品牌名稱,竹北劍橋,2
6_公司品牌名稱,竹科聯詠,2
6_公司品牌名稱,築田便當板橋店,2
6_公司品牌名稱,築田便當蘆竹店,2
6_公司品牌名稱,粥大福-桃園桃鶯店,2
6_公司品牌名稱,精科,2
6_公司品牌名稱,糖村-台北瑞光店,2
6_公司品牌名稱,糖村-新竹巨城店,2
6_公司品牌名稱,糖村-板橋大遠百店,2
6_公司品牌名稱,紅蘋果幼兒園,2
6_公司品牌名稱,美力斯家俱館,2
6_公司品牌名稱,美時,2
6_公司品牌名稱,美生餐室-新竹竹北店,2
6_公司品牌名稱,美登利壽司台中LALAPORT店,2
6_公司品牌名稱,美登利壽司大安店,2
6_公司品牌名稱,美語-北,2
6_公司品牌名稱,美語-留,2
6_公司品牌名稱,群益期貨,2
6_公司品牌名稱,義麵私廚,2
6_公司品牌名稱,肉出微笑鍋物,2
6_公司品牌名稱,至善老人安養中心,2
6_公司品牌名稱,臺虎 信義,2
6_公司品牌名稱,臺虎 西門,2
6_公司品牌名稱,舊振南,2
6_公司品牌名稱,良金牧場,2
6_公司品牌名稱,芝麻柚子豬排,2
6_公司品牌名稱,花一番,2
6_公司品牌名稱,范佳味宴會廳,2
6_公司品牌名稱,茱莉亞園幼兒園,2
6_公司品牌名稱,茶六博愛,2
6_公司品牌名稱,茶奶士多林口店,2
6_公司品牌名稱,菁菓山水果專賣店,2
6_公司品牌名稱,華爾頓幼兒園,2
6_公司品牌名稱,華頓幼兒園,2
6_公司品牌名稱,萃99 Caffee,2
6_公司品牌名稱,藝奇高級日料桃園南華店,2
6_公司品牌名稱,虎爺雞飯/山雞翁,2
6_公司品牌名稱,虎男 讚岐ラーメン,2
6_公司品牌名稱,蝦皮購物Shopee,2
6_公司品牌名稱,裕民素食自助餐,2
6_公司品牌名稱,觀天下有線電視,2
6_公司品牌名稱,豐碩水果行,2
6_公司品牌名稱,財團法人MIH,2
6_公司品牌名稱,財團法人私立廣恩老人養護中心,2
6_公司品牌名稱,貳樓餐廳-台中公益店,2
6_公司品牌名稱,貳樓餐廳-台中文心店,2
6_公司品牌名稱,貳樓餐廳-台北中山店,2
6_公司品牌名稱,貳樓餐廳-台北南港店,2
6_公司品牌名稱,貳樓餐廳-台南店,2
6_公司品牌名稱,貳樓餐廳-微風南山店,2
6_公司品牌名稱,貳樓餐廳-新北板橋店,2
6_公司品牌名稱,貳樓餐廳-林口店,2
6_公司品牌名稱,貳樓餐廳-高雄夢時代店,2
6_公司品牌名稱,迷客夏,2
6_公司品牌名稱,遠傳電信中部經銷代理,2
6_公司品牌名稱,金華素食自助餐,2
6_公司品牌名稱,金蘋果幼兒園,2
6_公司品牌名稱,金馬賓館當代美術館,2
6_公司品牌名稱,釜山三味食堂,2
6_公司品牌名稱,鎮洲裝卸,2
6_公司品牌名稱,雅香-板橋店,2
6_公司品牌名稱,雅香-汐止店,2
6_公司品牌名稱,雲品酒店,2
6_公司品牌名稱,雲象泰式餐廳-台南總店,2
6_公司品牌名稱,雲起時景觀餐廳,2
6_公司品牌名稱,預計開幕 雞湯桑 大巨蛋店,2
6_公司品牌名稱,頗微康輕食餐盒-汐止遠東店,2
6_公司品牌名稱,食神滷味四維店,2
6_公司品牌名稱,饕之鄉,2
6_公司品牌名稱,饗 A JOY,2
6_公司品牌名稱,體適能學院,2
6_公司品牌名稱,鴨寮街-台南旗艦店,2
6_公司品牌名稱,鴨肉珍,2
6_公司品牌名稱,鴻泰泰式料理,2
6_公司品牌名稱,鴻海研究院,2
6_公司品牌名稱,麗寶Outlet Mall,2
6_公司品牌名稱,麵屋濃日式拉麵-林口長庚店,2
6_公司品牌名稱,麻小辣五華店,2
6_公司品牌名稱,麻小辣大智店,2
6_公司品牌名稱,點點心-ATT信義店,2
6_公司品牌名稱,點點心-三井台中港店,2
6_公司品牌名稱,點點心-宏匯新莊店,2
6_公司品牌名稱,點點心-微風本館店,2
6_公司品牌名稱,鼎倫-北桃,2
6_公司品牌名稱,龍潭倉,2
6_公司品牌名稱,龍記燒臘,2
6_公司品牌名稱,龍軒傳承駐點餐廳,2
6_公司品牌名稱,龍門美食育樂館,2
6_公司品牌名稱,汆食 作伙鍋,2
6_公司品牌名稱,嘉義大林店,2
6_公司品牌名稱,嘉義文雅店,2
6_公司品牌名稱,嘉義溪口店,2
6_公司品牌名稱,偶然行旅,2
6_公司品牌名稱,中和-中央廚房,2
6_公司品牌名稱,Levi＇s,2
6_公司品牌名稱,板橋大遠百店-添好運,2
6_公司品牌名稱,鳳山中崙公共托嬰中心,2
6_公司品牌名稱,鼓山公共托嬰中心,2
6_公司品牌名稱,歸來非營利幼兒園,2
6_公司品牌名稱,屏東縣玉田非營利幼兒園,2
6_公司品牌名稱,貳樓夢時代店,2
6_公司品牌名稱,貳樓師大店,2
6_公司品牌名稱,貳樓林口店,2
6_公司品牌名稱,貳樓華泰店,2
6_公司品牌名稱,寶中總店,2
6_公司品牌名稱,康是美 苗府藥局,2
6_公司品牌名稱,康是美 鑫泰藥局,2
6_公司品牌名稱,添好運-天母高島屋店,2
6_公司品牌名稱,品牌小原田-公館店,2
6_公司品牌名稱,金鞍龍潭廠,2
6_公司品牌名稱,羅東-鐵道湯蒸,2
6_公司品牌名稱,兒童新樂園卡哇依歡樂世界,2
6_公司品牌名稱,三重五華校,2
6_公司品牌名稱,蘆洲成功校,2
6_公司品牌名稱,井棧,2
6_公司品牌名稱,台中Lalaport店,2
6_公司品牌名稱,杏子豬排-信義威秀店,2
6_公司品牌名稱,大阪王將-信義威秀店,2
6_公司品牌名稱,杏子豬排-南港Citylink店,2
6_公司品牌名稱,杏子豬排-台中秀泰店,2
6_公司品牌名稱,杏子豬排-北車微風店,2
6_公司品牌名稱,杏子豬排-徐匯廣場店,2
6_公司品牌名稱,杏子豬排-微風南京店,2
6_公司品牌名稱,杏子豬排-新竹大魯閣店,2
6_公司品牌名稱,杏子豬排-新莊幸福店,2
6_公司品牌名稱,段純貞-信義威秀店,2
6_公司品牌名稱,段純貞-漢神巨蛋店,2
6_公司品牌名稱,品牌小原田-永康店,2
6_公司品牌名稱,京都勝牛-新竹巨城店,2
6_公司品牌名稱,有你真好-湘菜沙龍,2
6_公司品牌名稱,向上店,2
6_公司品牌名稱,台中漢口店,2
6_公司品牌名稱,台北南京店,2
6_公司品牌名稱,高雄仁雄店,2
6_公司品牌名稱,101 35樓 菜鳥書蒔,2
6_公司品牌名稱,添好運-南港新展,2
6_公司品牌名稱,杏子豬排-桃園環球A19店,2
6_公司品牌名稱,台灣中油新社中和街站,2
6_公司品牌名稱,台中三井店,2
6_公司品牌名稱,林口環球A9店,2
6_公司品牌名稱,天母高島屋店,2
6_公司品牌名稱,樹林廠,2
6_公司品牌名稱,台中豐原店,2
6_公司品牌名稱,韓本家,2
6_公司品牌名稱,中壢店,2
6_公司品牌名稱,新竹中央店,2
6_公司品牌名稱,欣葉小聚 中和環球店,2
6_公司品牌名稱,大甲廠,2
6_公司品牌名稱,瑞昱,2
6_公司品牌名稱,綠璟景觀,2
6_公司品牌名稱,中區出境本部,2
6_公司品牌名稱,日本部,2
6_公司品牌名稱,泰街頭,2
6_公司品牌名稱,PappaRich 台中三井店,2
6_公司品牌名稱,品牌鵝子-竹北成功店,2
6_公司品牌名稱,西屯區-款款好食,2
6_公司品牌名稱,全家便利商店 新營新興店,2
6_公司品牌名稱,台中Jmall店,2
6_公司品牌名稱,台中中友店,2
6_公司品牌名稱,武廟店,2
6_公司品牌名稱,嘉義太保廠,2
6_公司品牌名稱,三總店,2
6_公司品牌名稱,榮總醫院店,2
6_公司品牌名稱,玉里居家服務中心,2
6_公司品牌名稱,僑聯建設,2
6_公司品牌名稱,京都勝牛-台南區,2
6_公司品牌名稱,妙妙幼兒園,2
6_公司品牌名稱,一鼎饌官邸店,2
6_公司品牌名稱,三民兒福公共托嬰中心,2
6_公司品牌名稱,隨意鳥地方101 85樓,2
6_公司品牌名稱,康是美 中清藥局,2
6_公司品牌名稱,永仁非營利幼兒園,2
6_公司品牌名稱,新築窟,2
6_公司品牌名稱,莫內饗宴,2
6_公司品牌名稱,添好運-大直美麗華店,2
6_公司品牌名稱,天茂垂楊店,2
6_公司品牌名稱,微風A3門市,2
6_公司品牌名稱,騷豆花,2
6_公司品牌名稱,鼎王七賢店,2
6_公司品牌名稱,鼎王富國店,2
6_公司品牌名稱,無老公益店,2
6_公司品牌名稱,麻一點公益店,2
6_公司品牌名稱,鼎王公益店,2
6_公司品牌名稱,鼎王忠孝店,2
6_公司品牌名稱,鼎王漢口店,2
6_公司品牌名稱,鼎王精誠店,2
6_公司品牌名稱,鼎王西門町成都店,2
6_公司品牌名稱,東南遊覽車,2
6_公司品牌名稱,新竹巨城,2
6_公司品牌名稱,桃城茶樣子,2
6_公司品牌名稱,花蓮山知道,2
6_公司品牌名稱,Clarins克蘭詩,2
6_公司品牌名稱,LANCOME蘭蔻,2
6_公司品牌名稱,shu uemura植村秀,2
6_公司品牌名稱,亞洲領先智慧生活品牌,2
6_公司品牌名稱,海事協和-台北港,2
6_公司品牌名稱,台中秀泰店,2
6_公司品牌名稱,台南南科台積電廠,2
6_公司品牌名稱,斗六大同店,2
6_公司品牌名稱,桃園蘆竹區-台茂,2
6_公司品牌名稱,汐止大同店,2
6_公司品牌名稱,華納店,2
6_公司品牌名稱,基隆仁二店,2
6_公司品牌名稱,宜蘭籌備處,2
6_公司品牌名稱,品牌鵝子-竹北地區,2
6_公司品牌名稱,台北榮總美食街,2
6_公司品牌名稱,小禾馨民權,2
6_公司品牌名稱,禾馨眼科,2
6_公司品牌名稱,信科門市,2
6_公司品牌名稱,京站門市,2
6_公司品牌名稱,台北南西誠品,2
6_公司品牌名稱,潤泰松山門市,2
6_公司品牌名稱,藝文特區門市,2
6_公司品牌名稱,遠雄汐止門市,2
6_公司品牌名稱,高雄左營門市,2
6_公司品牌名稱,高雄巨蛋門市,2
6_公司品牌名稱,達特楊吳眼科,2
6_公司品牌名稱,小林眼鏡-台北市信義區,2
6_公司品牌名稱,小林眼鏡-台北市南港區,2
6_公司品牌名稱,小林眼鏡-台北市松山區,2
6_公司品牌名稱,台南三廠,2
6_公司品牌名稱,台南三井店,2
6_公司品牌名稱,台中新光三越店,2
6_公司品牌名稱,微風北車店,2
6_公司品牌名稱,大國民藥局,2
6_公司品牌名稱,楊梅廠,2
6_公司品牌名稱,台南YMCA社福基金會,2
6_公司品牌名稱,內湖廠,2
6_公司品牌名稱,台北信義A19,2
6_公司品牌名稱,阿默蛋糕 高雄立文店,2
6_公司品牌名稱,初心菓寮內湖文德總店,2
6_公司品牌名稱,韓州豆腐鍋專賣店,2
6_公司品牌名稱,GAP,2
6_公司品牌名稱,一心店,2
6_公司品牌名稱,五甲南華店,2
6_公司品牌名稱,前鎮公正店,2
6_公司品牌名稱,板中店｜近公車大庭新村站,2
6_公司品牌名稱,善化大成店,2
6_公司品牌名稱,新市中正店,2
6_公司品牌名稱,本淵寮店,2
6_公司品牌名稱,阿成水果行,2
6_公司品牌名稱,大安區SOGO復興館,2
6_公司品牌名稱,僕燒鰻,2
6_公司品牌名稱,屏東榮民總醫院,2
6_公司品牌名稱,線東店,2
6_公司品牌名稱,龍岡加油站,2
6_公司品牌名稱,hailease中租,2
6_公司品牌名稱,允諾實業股份,2
6_公司品牌名稱,承諾企業管理顧問,2
6_公司品牌名稱,東元,2
6_公司品牌名稱,揚運,2
6_公司品牌名稱,富邦,2
6_公司品牌名稱,瘋燒,2
6_公司品牌名稱,亞昕,2
6_公司品牌名稱,星享道,2
6_公司品牌名稱,新捷食品股份,2
6_公司品牌名稱,漁業,2
6_公司品牌名稱,百億,2
6_公司品牌名稱,明煬四方,2
6_公司品牌名稱,公正地政士聯合,2
6_公司品牌名稱,永慶,2
6_公司品牌名稱,解決問題為核心價值的,2
6_公司品牌名稱,遊台灣休閒事業,2
6_公司品牌名稱,苙原貿易,2
6_公司品牌名稱,藍馨健康事業股份,2
6_公司品牌名稱,馬辣,2
6_公司品牌名稱,加入鍋董,2
6_公司品牌名稱,山牛將ヤマ牛,1
6_公司品牌名稱,你一定聽過的韓國家電,1
6_公司品牌名稱,手作廚房南京店,1
6_公司品牌名稱,谷歌供應商,1
6_公司品牌名稱,杏子豬排-高雄店,1
6_公司品牌名稱,雞三和-信義區,1
6_公司品牌名稱,雞三和-南港區,1
6_公司品牌名稱,雞三和-台中漢神洲際店,1
6_公司品牌名稱,雞三和-桃園區,1
6_公司品牌名稱,杏子豬排-桃園區,1
6_公司品牌名稱,大阪王將-高雄新濱町,1
6_公司品牌名稱,石庭 兼六園,1
6_公司品牌名稱,Goshare,1
6_公司品牌名稱,路易奇電力公司-台東電廠,1
6_公司品牌名稱,路易奇電力公司-市民電廠,1
6_公司品牌名稱,二本松涮涮屋,1
6_公司品牌名稱,林口華亞,1
6_公司品牌名稱,台南遠百,1
6_公司品牌名稱,左營新光,1
6_公司品牌名稱,中和環球,1
6_公司品牌名稱,中壢大江,1
6_公司品牌名稱,南京微風,1
6_公司品牌名稱,南紡購物中心,1
6_公司品牌名稱,台中廣三SOGO,1
6_公司品牌名稱,台南大遠百,1
6_公司品牌名稱,屏東SOGO,1
6_公司品牌名稱,新竹大遠百,1
6_公司品牌名稱,板橋大遠百,1
6_公司品牌名稱,站前誠品,1
6_公司品牌名稱,花蓮遠東,1
6_公司品牌名稱,遠百信義A13,1
6_公司品牌名稱,萬華- 智取店,1
6_公司品牌名稱,💌廣X電腦⚡️7萬4,1
6_公司品牌名稱,康寶濃湯湯包,1
6_公司品牌名稱,高雄大遠百,1
6_公司品牌名稱,台中IKEA店,1
6_公司品牌名稱,台中LALAPORT店,1
6_公司品牌名稱,近中壢好士多,1
6_公司品牌名稱,板橋購物中心店,1
6_公司品牌名稱,板橋門市,1
6_公司品牌名稱,桃機T2管制區門市,1
6_公司品牌名稱,肉民聚集所–假日計時肉民,1
6_公司品牌名稱,錢多多,1
6_公司品牌名稱,石牌店,1
6_公司品牌名稱,台大公館店,1
6_公司品牌名稱,中清同榮店,1
6_公司品牌名稱,信義吳興店,1
6_公司品牌名稱,信義松仁店,1
6_公司品牌名稱,信義松山店,1
6_公司品牌名稱,信義永吉店,1
6_公司品牌名稱,信義虎林店,1
6_公司品牌名稱,北屯昌平店,1
6_公司品牌名稱,北屯松竹店,1
6_公司品牌名稱,北屯豐田店,1
6_公司品牌名稱,南屯天廈店,1
6_公司品牌名稱,南屯東興店,1
6_公司品牌名稱,台中嶺東店,1
6_公司品牌名稱,台中忠明店,1
6_公司品牌名稱,台中成功店,1
6_公司品牌名稱,台中文化店,1
6_公司品牌名稱,台中樂業店,1
6_公司品牌名稱,台中模範店,1
6_公司品牌名稱,台中精誠店,1
6_公司品牌名稱,台南健康店,1
6_公司品牌名稱,台南大同店,1
6_公司品牌名稱,台南安中店,1
6_公司品牌名稱,台南崇義店,1
6_公司品牌名稱,台南裕豐店,1
6_公司品牌名稱,土城永豐店,1
6_公司品牌名稱,土城立德店,1
6_公司品牌名稱,大里仁化店,1
6_公司品牌名稱,大里大新店,1
6_公司品牌名稱,太平樹孝店,1
6_公司品牌名稱,彰化南郭店,1
6_公司品牌名稱,彰化民生店,1
6_公司品牌名稱,彰化秀傳店,1
6_公司品牌名稱,彰化長興店,1
6_公司品牌名稱,文山福興店,1
6_公司品牌名稱,新北五工店,1
6_公司品牌名稱,新莊頭前店,1
6_公司品牌名稱,東海遊園店,1
6_公司品牌名稱,松山八德店,1
6_公司品牌名稱,板橋僑中店,1
6_公司品牌名稱,板橋四川店,1
6_公司品牌名稱,板橋溪城店,1
6_公司品牌名稱,永和安樂店,1
6_公司品牌名稱,永和永平店,1
6_公司品牌名稱,永康中華二店,1
6_公司品牌名稱,永康大仁店,1
6_公司品牌名稱,永康華興店,1
6_公司品牌名稱,潭子圓通店,1
6_公司品牌名稱,潭子榮興店,1
6_公司品牌名稱,潭子興華店,1
6_公司品牌名稱,西屯福康店,1
6_公司品牌名稱,西屯重慶店,1
6_公司品牌名稱,西屯長安店,1
6_公司品牌名稱,高雄吉林店,1
6_公司品牌名稱,高雄大順店,1
6_公司品牌名稱,高雄建德店,1
6_公司品牌名稱,高雄德山店,1
6_公司品牌名稱,高雄文忠店,1
6_公司品牌名稱,高雄橋頭店,1
6_公司品牌名稱,高雄民族店,1
6_公司品牌名稱,高雄永樂店,1
6_公司品牌名稱,高雄臨海二店,1
6_公司品牌名稱,鳳山博愛店,1
6_公司品牌名稱,戰略數據中心,1
6_公司品牌名稱,北車京站店,1
6_公司品牌名稱,近祥儀夢工廠,1
6_公司品牌名稱,安和會館,1
6_公司品牌名稱,華亞園區🔥月入68K起,1
6_公司品牌名稱,華亞🔥月入68K起,1
6_公司品牌名稱,CHUỖI GÀ RÁN,1
6_公司品牌名稱,OPARIS法式甜點,1
6_公司品牌名稱,A058頭份中華店,1
6_公司品牌名稱,Hotel Dùa,1
6_公司品牌名稱,上博牙醫,1
6_公司品牌名稱,主幼商場-台東店,1
6_公司品牌名稱,主幼商場-延平店,1
6_公司品牌名稱,主幼商場-東港店,1
6_公司品牌名稱,主幼商場-林園店,1
6_公司品牌名稱,主幼商場-潮州站前店,1
6_公司品牌名稱,主幼商場-鳳山店,1
6_公司品牌名稱,仁濟醫院,1
6_公司品牌名稱,台北六福萬怡,1
6_公司品牌名稱,台南市立安南醫院,1
6_公司品牌名稱,大龍大賣場,1
6_公司品牌名稱,天下為公基金會,1
6_公司品牌名稱,天仁茗茶喫茶趣高雄夢時代店,1
6_公司品牌名稱,天仁茗茶喫茶趣高雄義享店,1
6_公司品牌名稱,數位寬頻,1
6_公司品牌名稱,斗六雅聞峇里海岸,1
6_公司品牌名稱,斯朵利美甲,1
6_公司品牌名稱,新市樂芙幼兒園,1
6_公司品牌名稱,新高醫院,1
6_公司品牌名稱,欣榮幼兒園,1
6_公司品牌名稱,歐義式,1
6_公司品牌名稱,漢口四海豆漿,1
6_公司品牌名稱,義享,1
6_公司品牌名稱,華揚醫院,1
6_公司品牌名稱,豐原momo,1
6_公司品牌名稱,雞吉君拉麵品牌/內湖店,1
6_公司品牌名稱,雞吉君拉麵品牌,1
6_公司品牌名稱,駐名間竹秀苑日照中心,1
6_公司品牌名稱,麵匡匡-新竹關新,1
6_公司品牌名稱,偷飯賊,1
6_公司品牌名稱,台南蝦皮商城,1
6_公司品牌名稱,南崁近好市多,1
6_公司品牌名稱,統一店,1
6_公司品牌名稱,桌上賓總店,1
6_公司品牌名稱,台北轉運站門市,1
6_公司品牌名稱,勝勢豬排-南港lalaport店,1
6_公司品牌名稱,勝政豬排-美麗華店,1
6_公司品牌名稱,巨匠電腦_電銷客服,1
6_公司品牌名稱,巨匠電腦-北車,1
6_公司品牌名稱,巨匠電腦-板橋,1
6_公司品牌名稱,巨匠電腦_三重,1
6_公司品牌名稱,巨匠電腦_大台北,1
6_公司品牌名稱,巨匠電腦_大台北區,1
6_公司品牌名稱,林口健雄,1
6_公司品牌名稱,竹北文信,1
6_公司品牌名稱,藏壽司-三重捷運路店,1
6_公司品牌名稱,藏壽司-三重集賢路店,1
6_公司品牌名稱,藏壽司-中和橋和店,1
6_公司品牌名稱,藏壽司-八德興豐路店,1
6_公司品牌名稱,藏壽司-南港CityLink店,1
6_公司品牌名稱,藏壽司-土城金城路店,1
6_公司品牌名稱,藏壽司-新莊宏匯店,1
6_公司品牌名稱,藏壽司-新莊思源路店,1
6_公司品牌名稱,藏壽司-松江南京店,1
6_公司品牌名稱,藏壽司-板橋中山遠百店,1
6_公司品牌名稱,藏壽司-板橋遠科店,1
6_公司品牌名稱,藏壽司-桃園青埔店,1
6_公司品牌名稱,藏壽司-永和比漾店,1
6_公司品牌名稱,藏壽司-淡水站前店,1
6_公司品牌名稱,藏壽司-中山南西店,1
6_公司品牌名稱,藏壽司-台北館前店,1
6_公司品牌名稱,藏壽司-新店威秀裕隆店,1
6_公司品牌名稱,藏壽司-林口三井Outlet店,1
6_公司品牌名稱,藏壽司-信義ATT店,1
6_公司品牌名稱,藏壽司-微風松高店,1
6_公司品牌名稱,藏壽司-新竹巨城店,1
6_公司品牌名稱,藏壽司-新竹經國路店,1
6_公司品牌名稱,藏壽司-竹北文興店,1
6_公司品牌名稱,和民手作廚房 中和大全聯店,1
6_公司品牌名稱,和民手作廚房 中壢青埔店,1
6_公司品牌名稱,和民手作廚房 北車誠品店,1
6_公司品牌名稱,華泰名品城店,1
6_公司品牌名稱,華泰店,1
6_公司品牌名稱,中油南亞加油站,1
6_公司品牌名稱,中油南亞民雄站,1
6_公司品牌名稱,麥味登-蘆竹南山店,1
6_公司品牌名稱,滾吧Lets Roll保齡球館,1
6_公司品牌名稱,和民手作廚房/上村牧場,1
6_公司品牌名稱,三重citylink店,1
6_公司品牌名稱,台北凱撒店,1
6_公司品牌名稱,大葉高島屋店,1
6_公司品牌名稱,微風台北車站店,1
6_公司品牌名稱,新店家樂福店,1
6_公司品牌名稱,新莊佳瑪店,1
6_公司品牌名稱,新莊宏匯店,1
6_公司品牌名稱,板橋愛買店,1
6_公司品牌名稱,板橋遠百中山店,1
6_公司品牌名稱,蘆洲家樂福店,1
6_公司品牌名稱,信義遠百店,1
6_公司品牌名稱,富球精密,1
6_公司品牌名稱,楊梅美妝小天地,1
6_公司品牌名稱,幸福味彰化大埔店,1
6_公司品牌名稱,關廟/新化 超火神缺,1
6_公司品牌名稱,新北土城-智取店,1
6_公司品牌名稱,仁武區-智取店,1
6_公司品牌名稱,台中-智取店,1
6_公司品牌名稱,台中北屯、西屯、南屯-智取店,1
6_公司品牌名稱,台北中正-智取店,1
6_公司品牌名稱,台北內湖-智取店,1
6_公司品牌名稱,台北北投-智取店,1
6_公司品牌名稱,大寮區-智取店,1
6_公司品牌名稱,大樹九大-智取店,1
6_公司品牌名稱,宜蘭頭城-智取店,1
6_公司品牌名稱,小港區-智取店,1
6_公司品牌名稱,新北三峽-智取店,1
6_公司品牌名稱,新北三重-智取店,1
6_公司品牌名稱,頭份自強-智取店,1
6_公司品牌名稱,高雄三民區-智取店,1
6_公司品牌名稱,高雄岡山-智取店,1
6_公司品牌名稱,高雄左營區-智取店,1
6_公司品牌名稱,南投縣-智取店(早),1
6_公司品牌名稱,南投草屯-智取店(早),1
6_公司品牌名稱,台中市-智取店,1
6_公司品牌名稱,台南-智取店,1
6_公司品牌名稱,基隆-智取店,1
6_公司品牌名稱,大社中山-智取店,1
6_公司品牌名稱,宜蘭縣-智取店(晚),1
6_公司品牌名稱,屏東縣-智取店,1
6_公司品牌名稱,新北三芝-智取店(晚),1
6_公司品牌名稱,新竹-智取店,1
6_公司品牌名稱,高雄大寮-智取店,1
6_公司品牌名稱,高雄市-智取店,1
6_公司品牌名稱,中壢區-智取店,1
6_公司品牌名稱,八德區 - 智取店,1
6_公司品牌名稱,嘉義-智取店,1
6_公司品牌名稱,彰化縣-智取店,1
6_公司品牌名稱,新北五股-智取店,1
6_公司品牌名稱,新北市-蘆洲長安智取店,1
6_公司品牌名稱,新北新店-智取店,1
6_公司品牌名稱,新北新莊-智取店,1
6_公司品牌名稱,新北新莊-智取店 早,1
6_公司品牌名稱,新北林口-智取店,1
6_公司品牌名稱,新北永和-智取店,1
6_公司品牌名稱,新北泰山-智取店,1
6_公司品牌名稱,新北淡水-智取店,1
6_公司品牌名稱,新北鶯歌-智取店,1
6_公司品牌名稱,桃園中壢區-智取店,1
6_公司品牌名稱,桃園市-智取店,1
6_公司品牌名稱,桃園新屋-智取店,1
6_公司品牌名稱,桃園楊梅區-智取店,1
6_公司品牌名稱,桃園龍潭 - 智取店,1
6_公司品牌名稱,茄萣仁愛 - 智取店,1
6_公司品牌名稱,萬華西園 - 智取店,1
6_公司品牌名稱,西屯逢甲 - 智取店,1
6_公司品牌名稱,雲林縣-智取店,1
6_公司品牌名稱,蝦皮加碼,1
6_公司品牌名稱,巨匠外語_新店,1
6_公司品牌名稱,新竹車站_巨匠外語,1
6_公司品牌名稱,小林眼鏡-桃園藝文,1
6_公司品牌名稱,PC｜南投店,1
6_公司品牌名稱,PC｜興安店,1
6_公司品牌名稱,嘉新電腦通訊埔里門市,1
6_公司品牌名稱,明水然 ‧ 樂 鐵板燒 台中大遠百店,1
6_公司品牌名稱,明水然 ‧ 樂 鐵板燒 台中大魯閣店,1
6_公司品牌名稱,明水然 ‧ 樂 鐵板燒 宜蘭礁溪店,1
6_公司品牌名稱,明水然 ‧ 樂 鐵板燒 新竹大遠百店,1
6_公司品牌名稱,明水然 ‧ 樂 鐵板燒 新竹遠百店,1
6_公司品牌名稱,狂一鍋 三重重新店,1
6_公司品牌名稱,狂一鍋 台北區,1
6_公司品牌名稱,狂一鍋 新北區,1
6_公司品牌名稱,狂一鍋 桃園旗艦店,1
6_公司品牌名稱,19to1鮮選牛排專賣店,1
6_公司品牌名稱,7-ELEVEN 坤耀門市,1
6_公司品牌名稱,A-NINI Poke夏威夷輕食,1
6_公司品牌名稱,ACHILLES SORBO,1
6_公司品牌名稱,ADM,1
6_公司品牌名稱,AI 伺服器散熱技術領導品牌,1
6_公司品牌名稱,ALL IN全食理念,1
6_公司品牌名稱,APPLE授權店,1
6_公司品牌名稱,Aesop,1
6_公司品牌名稱,B16-桃園大溪店,1
6_公司品牌名稱,B17-新竹湖口店,1
6_公司品牌名稱,B34-苗栗中山店,1
6_公司品牌名稱,B52-大里益民,1
6_公司品牌名稱,B53-中正汀洲店,1
6_公司品牌名稱,BEAUTYAGENT頭皮建構美學,1
6_公司品牌名稱,BELLINI CAFFÈ,1
6_公司品牌名稱,BEPPIN義大利麵-台北龍江店,1
6_公司品牌名稱,Buckskin 柏克金南京店,1
6_公司品牌名稱,CITYLINK-內湖店,1
6_公司品牌名稱,CY貨櫃,1
6_公司品牌名稱,Chatime- 桃園環球A19,1
6_公司品牌名稱,Chatime-南港環球,1
6_公司品牌名稱,EAIS產品研發部,1
6_公司品牌名稱,EAP諮詢服務組,1
6_公司品牌名稱,Engolili 雙北區域,1
6_公司品牌名稱,GAGA DUCK 職人手作・舒肥餐盒,1
6_公司品牌名稱,GAP PT 台南三井,1
6_公司品牌名稱,GAP PT 林口三井,1
6_公司品牌名稱,GOGORO,1
6_公司品牌名稱,GYMER．運動家,1
6_公司品牌名稱,GoShare,1
6_公司品牌名稱,Gogoro新莊,1
6_公司品牌名稱,HOMMY JEWELRY,1
6_公司品牌名稱,HUN 混/台中大里店,1
6_公司品牌名稱,HUN 混/台中高工店,1
6_公司品牌名稱,HouseV 好室鍋物 頭份店,1
6_公司品牌名稱,ICA產品研發部,1
6_公司品牌名稱,INFINITI桃園區,1
6_公司品牌名稱,JAI 宅/新竹巨城店,1
6_公司品牌名稱,KD科定企業,1
6_公司品牌名稱,KPMG US Central Team,1
6_公司品牌名稱,LA ONE Kitchen 歐陸廚房,1
6_公司品牌名稱,LA ONE Pizza餐廳,1
6_公司品牌名稱,LOPIA台中店,1
6_公司品牌名稱,LOPIA台南三號店,1
6_公司品牌名稱,LOPIA桃園春日店,1
6_公司品牌名稱,LOPIＡ台中LaLaPort店,1
6_公司品牌名稱,LOTTE 樂天製菓,1
6_公司品牌名稱,L＇arc Hotel,1
6_公司品牌名稱,MAGiC TOUCH  点爭鮮,1
6_公司品牌名稱,MOO-101門市,1
6_公司品牌名稱,MisterDonut,1
6_公司品牌名稱,NISSAN 三峽旗艦所,1
6_公司品牌名稱,NISSAN 中壢旗艦所,1
6_公司品牌名稱,NISSAN 八德旗艦所,1
6_公司品牌名稱,NISSAN 北中旗艦所,1
6_公司品牌名稱,NISSAN 南崁尊爵所,1
6_公司品牌名稱,NISSAN 宜蘭旗艦所,1
6_公司品牌名稱,NISSAN 平鎮旗艦所,1
6_公司品牌名稱,NISSAN 桃鶯旗艦所,1
6_公司品牌名稱,NISSAN 楊梅旗艦所,1
6_公司品牌名稱,NISSAN 龍潭旗艦所,1
6_公司品牌名稱,NISSAN桃園旗艦所,1
6_公司品牌名稱,ODM service 研發部,1
6_公司品牌名稱,OPPO旗艦_台北三創店,1
6_公司品牌名稱,Only Hair大有店,1
6_公司品牌名稱,PAPI PAPI 西班牙大衆餐酒館,1
6_公司品牌名稱,PAPIPAPI西班牙大衆餐酒館,1
6_公司品牌名稱,Polo Ralph Lauren,1
6_公司品牌名稱,Potato Corner台北西門店,1
6_公司品牌名稱,RecruitFirst立福人事顧問公司,1
6_公司品牌名稱,SOGO中壢店,1
6_公司品牌名稱,SOGO天母店,1
6_公司品牌名稱,SOGO復興店,1
6_公司品牌名稱,STUDIO A,1
6_公司品牌名稱,SUAGE北海道湯咖哩-台南三井店,1
6_公司品牌名稱,SUAGE北海道湯咖哩-林口三井店,1
6_公司品牌名稱,Samsung 台南成大校園店,1
6_公司品牌名稱,Shopee官方派單,1
6_公司品牌名稱,So Nice向心南店,1
6_公司品牌名稱,THE ONE精品中古車,1
6_公司品牌名稱,THE T café - 樹德科大店,1
6_公司品牌名稱,Thai Meet泰時尚,1
6_公司品牌名稱,Thomas Chien法式餐廳,1
6_公司品牌名稱,URiDE 共享租車,1
6_公司品牌名稱,WS遇見光,1
6_公司品牌名稱,XPEL 桃園中壢授權店,1
6_公司品牌名稱,gonna 中央廚房-倉管組長,1
6_公司品牌名稱,sung 嵩/台北大安店,1
6_公司品牌名稱,【大寮發發發,1
6_公司品牌名稱,一蘭拉麵,1
6_公司品牌名稱,三多店,1
6_公司品牌名稱,三星授權維修中心,1
6_公司品牌名稱,三星智慧館_內湖大全聯,1
6_公司品牌名稱,三色三味-巨蛋店,1
6_公司品牌名稱,三重三和店,1
6_公司品牌名稱,三重湯城,1
6_公司品牌名稱,上善豆家-宜蘭店,1
6_公司品牌名稱,上善豆家-林口三井店,1
6_公司品牌名稱,上善豆家-豆腐鍋,1
6_公司品牌名稱,上善豆家,1
6_公司品牌名稱,上善豆腐鍋-竹北大遠百,1
6_公司品牌名稱,上善豆腐鍋,1
6_公司品牌名稱,上村牧場,1
6_公司品牌名稱,中國信託,1
6_公司品牌名稱,中壢SOGO店,1
6_公司品牌名稱,中山事業部,1
6_公司品牌名稱,中山本店,1
6_公司品牌名稱,中山站前館,1
6_公司品牌名稱,中廚房房,1
6_公司品牌名稱,中敏居護,1
6_公司品牌名稱,中華電信,1
6_公司品牌名稱,中鋼鋁業,1
6_公司品牌名稱,九乘九回任專區,1
6_公司品牌名稱,了凡油雞.燒臘..飯.麵-板橋遠百店,1
6_公司品牌名稱,二崙店,1
6_公司品牌名稱,五星麵舖,1
6_公司品牌名稱,五股加油站夥伴,1
6_公司品牌名稱,五股獅子頭日照中心,1
6_公司品牌名稱,五鎮貿易旗艦店,1
6_公司品牌名稱,亞太業務部,1
6_公司品牌名稱,京泰利實業,1
6_公司品牌名稱,人生百味串燒居酒屋-旗艦店,1
6_公司品牌名稱,仁美校,1
6_公司品牌名稱,仁馨住宿機構,1
6_公司品牌名稱,代謝及體重管理中心,1
6_公司品牌名稱,仲安生醫,1
6_公司品牌名稱,伊頓飛瑞,1
6_公司品牌名稱,住商,1
6_公司品牌名稱,住商泛亞副都心中原店,1
6_公司品牌名稱,住商純精-阿曼地產,1
6_公司品牌名稱,佳利安美生館,1
6_公司品牌名稱,來忠泰 一起樂生活,1
6_公司品牌名稱,便當專賣,1
6_公司品牌名稱,俏蘋果國際音樂托嬰中心,1
6_公司品牌名稱,信義區-莊敬門市,1
6_公司品牌名稱,信義區門市,1
6_公司品牌名稱,信義吳興門市,1
6_公司品牌名稱,信義松仁門市,1
6_公司品牌名稱,信義華納威秀,1
6_公司品牌名稱,個指分校,1
6_公司品牌名稱,健保署,1
6_公司品牌名稱,健寶兒幼兒園,1
6_公司品牌名稱,優姿雅服飾｜新竹城北門市,1
6_公司品牌名稱,兆品酒店嘉義,1
6_公司品牌名稱,兆宇國高中部,1
6_公司品牌名稱,先嗇宮店-門市藥師,1
6_公司品牌名稱,光復店-門市藥師,1
6_公司品牌名稱,光復廠,1
6_公司品牌名稱,內埔店,1
6_公司品牌名稱,內湖購物中心,1
6_公司品牌名稱,全台最大購物平台,1
6_公司品牌名稱,全新品牌 40K-45K,1
6_公司品牌名稱,全新品牌 45K起,1
6_公司品牌名稱,全新品牌 52K-60K,1
6_公司品牌名稱,全新義式品牌,1
6_公司品牌名稱,全球前三大藥廠,1
6_公司品牌名稱,全球火紅日系潮牌,1
6_公司品牌名稱,全球藥局,1
6_公司品牌名稱,全球領先能源與智慧交通品牌,1
6_公司品牌名稱,八方雲集振興店,1
6_公司品牌名稱,八豆食府精緻鍋物,1
6_公司品牌名稱,八道江山,1
6_公司品牌名稱,六扇門-三峽學成店,1
6_公司品牌名稱,六扇門-內埔廣濟店,1
6_公司品牌名稱,六扇門-南投南陽店,1
6_公司品牌名稱,六扇門-嘉義民權店,1
6_公司品牌名稱,六扇門-大寮鳳屏店,1
6_公司品牌名稱,六扇門-左營勝利店,1
6_公司品牌名稱,六扇門-新竹民權店,1
6_公司品牌名稱,六扇門-桃園大業店,1
6_公司品牌名稱,六扇門-澎湖馬公店,1
6_公司品牌名稱,冠威國際,1
6_公司品牌名稱,冠軍門市,1
6_公司品牌名稱,凱驛莎婚紗,1
6_公司品牌名稱,初丼HajiDon/江南麵屋-義大店,1
6_公司品牌名稱,初原麵場,1
6_公司品牌名稱,初月,1
6_公司品牌名稱,創Q Space,1
6_公司品牌名稱,勝勢豬排-SOGO復興店,1
6_公司品牌名稱,勝勢豬排-台南三井店,1
6_公司品牌名稱,北倉蝦皮休日一理貨員,1
6_公司品牌名稱,北車微風店,1
6_公司品牌名稱,匯安,1
6_公司品牌名稱,十二韻,1
6_公司品牌名稱,南區－瑞穗,1
6_公司品牌名稱,南投三和門市,1
6_公司品牌名稱,南港Citylink,1
6_公司品牌名稱,南港LALAPORT,1
6_公司品牌名稱,南港LALA一起開豆腐鍋,1
6_公司品牌名稱,南港蝦皮,1
6_公司品牌名稱,南科台積電,1
6_公司品牌名稱,厚稼門市,1
6_公司品牌名稱,叁食初-北屯店,1
6_公司品牌名稱,叁食初-西屯店,1
6_公司品牌名稱,叁食初,1
6_公司品牌名稱,友利鮮舖 六家門市,1
6_公司品牌名稱,古拉爵義式屋,1
6_公司品牌名稱,台中三越,1
6_公司品牌名稱,台中中科台積電,1
6_公司品牌名稱,台中台積電,1
6_公司品牌名稱,台中地區_蝦皮智取店,1
6_公司品牌名稱,台中日蒔牙醫,1
6_公司品牌名稱,台中林新店,1
6_公司品牌名稱,台中統聯中港店,1
6_公司品牌名稱,台中龍井-中龍鋼鐵,1
6_公司品牌名稱,台北101,1
6_公司品牌名稱,台北101店,1
6_公司品牌名稱,台北三越信義店,1
6_公司品牌名稱,台北地區-樂利一店,1
6_公司品牌名稱,台北市_蝦皮店到店,1
6_公司品牌名稱,台北復興SOGO店,1
6_公司品牌名稱,台北松山區 漢來酒店式公寓,1
6_公司品牌名稱,台北松菸文創,1
6_公司品牌名稱,台北美麗華,1
6_公司品牌名稱,台北高島屋店,1
6_公司品牌名稱,台南 南科台積電,1
6_公司品牌名稱,台南台積電,1
6_公司品牌名稱,台南國賓店,1
6_公司品牌名稱,台南地區_蝦皮智取店,1
6_公司品牌名稱,台南東區怡東,1
6_公司品牌名稱,台南東興倉,1
6_公司品牌名稱,台南蒔光牙醫,1
6_公司品牌名稱,台南高鐵專櫃,1
6_公司品牌名稱,台東-寶桑町屋,1
6_公司品牌名稱,台東館,1
6_公司品牌名稱,台泥-八德/中壢,1
6_公司品牌名稱,台泥-汐止/新屋/龜山/竹北,1
6_公司品牌名稱,台灣好行,1
6_公司品牌名稱,台灣第一工業電腦,1
6_公司品牌名稱,日本最大豬排店-かつや吉豚屋,1
6_公司品牌名稱,合點壽司 台中遠百店,1
6_公司品牌名稱,吉兒龐克,1
6_公司品牌名稱,同學匯KTV-新竹店,1
6_公司品牌名稱,同學匯KTV,1
6_公司品牌名稱,同學匯ktv-新竹店,1
6_公司品牌名稱,周氏商場-台積電竹南廠,1
6_公司品牌名稱,周氏商場-台積電竹科寶山駐點,1
6_公司品牌名稱,周氏商場-台積電苗栗竹南新廠駐點,1
6_公司品牌名稱,周氏蝦捲-國宴廳,1
6_公司品牌名稱,周氏蝦捲-清水休息站,1
6_公司品牌名稱,周氏蝦捲-總店,1
6_公司品牌名稱,周氏餐廳-台積電竹科寶山駐點,1
6_公司品牌名稱,和民手作廚房 青埔店,1
6_公司品牌名稱,咚豬高雄左營店,1
6_公司品牌名稱,咚豬高雄鳳山店,1
6_公司品牌名稱,哈泰,1
6_公司品牌名稱,哈肉鍋,1
6_公司品牌名稱,商場-中和環球,1
6_公司品牌名稱,善菓屋-京站店,1
6_公司品牌名稱,善菓屋宏匯店,1
6_公司品牌名稱,嘉寶北大館,1
6_公司品牌名稱,嘉寶板橋,1
6_公司品牌名稱,嘉新通訊-霧峰店,1
6_公司品牌名稱,嘉義-愛兒堡,1
6_公司品牌名稱,嘉義秀泰,1
6_公司品牌名稱,嘉義蝦皮,1
6_公司品牌名稱,三葉門市,1
6_公司品牌名稱,國姓春水堂,1
6_公司品牌名稱,國美店,1
6_公司品牌名稱,國際海運公司,1
6_公司品牌名稱,土城。尚鋐,1
6_公司品牌名稱,土城學府燒烤店,1
6_公司品牌名稱,土城裕民店,1
6_公司品牌名稱,基隆-蝦皮店到店,1
6_公司品牌名稱,塑膠工業技術發展中心,1
6_公司品牌名稱,塔木德酒店Choice,1
6_公司品牌名稱,壽司郎★菁英專案,1
6_公司品牌名稱,外派峇厘島 台灣餐廳,1
6_公司品牌名稱,大全聯台南店,1
6_公司品牌名稱,大全聯員林店,1
6_公司品牌名稱,大全聯斗南店,1
6_公司品牌名稱,大全聯鳳山店,1
6_公司品牌名稱,大園蝦皮,1
6_公司品牌名稱,大埔鐵板燒東山店,1
6_公司品牌名稱,大埔鐵板燒竹南店,1
6_公司品牌名稱,大埔鐵板燒金山店,1
6_公司品牌名稱,大安森林食堂,1
6_公司品牌名稱,大寮能源設備公司,1
6_公司品牌名稱,大巨蛋,1
6_公司品牌名稱,大巨蛋門市,1
6_公司品牌名稱,大必佳英語金華校,1
6_公司品牌名稱,大樹寵物,1
6_公司品牌名稱,大江生醫農科園區,1
6_公司品牌名稱,大江購物中心五分鐘,1
6_公司品牌名稱,大直 CHALET V,1
6_公司品牌名稱,大直 cafein,1
6_公司品牌名稱,大直典華 宴會廳,1
6_公司品牌名稱,大直樂群門市,1
6_公司品牌名稱,大自然探索托嬰中心,1
6_公司品牌名稱,大茗-內壢忠孝店,1
6_公司品牌名稱,大茗-台北龍山寺店,1
6_公司品牌名稱,大茗-桃園藝文店,1
6_公司品牌名稱,大茗-桃園龍潭店,1
6_公司品牌名稱,大葉高島屋,1
6_公司品牌名稱,大葉高島屋門市,1
6_公司品牌名稱,天母 大葉高島屋,1
6_公司品牌名稱,天母SOGO門市,1
6_公司品牌名稱,天鍋麻辣-台南新興店,1
6_公司品牌名稱,奎茂紙器,1
6_公司品牌名稱,奧森牙醫聯盟,1
6_公司品牌名稱,好室成家,1
6_公司品牌名稱,好市多五分鐘,1
6_公司品牌名稱,好食行運茶餐廳,1
6_公司品牌名稱,好饈鉄板燒台北京站店,1
6_公司品牌名稱,好饈鐵板燒台北京站／誠品站前店,1
6_公司品牌名稱,安平永華,1
6_公司品牌名稱,安平總店 全新品牌,1
6_公司品牌名稱,安平老街門市,1
6_公司品牌名稱,宏展/翝展,1
6_公司品牌名稱,宜蘭區-維揚店,1
6_公司品牌名稱,宜蘭區-羅東旗艦店,1
6_公司品牌名稱,宜蘭地區-羅東旗艦店,1
6_公司品牌名稱,家樂福內湖店,1
6_公司品牌名稱,家樂福南港店,1
6_公司品牌名稱,家樂福天母店,1
6_公司品牌名稱,家樂福宜蘭店,1
6_公司品牌名稱,家樂福屏東店,1
6_公司品牌名稱,家樂福彰化店,1
6_公司品牌名稱,家樂福斗六店,1
6_公司品牌名稱,家樂福林口店,1
6_公司品牌名稱,家樂福桃園八德店,1
6_公司品牌名稱,家樂福汐科店,1
6_公司品牌名稱,家樂福經國店,1
6_公司品牌名稱,家樂福重慶店,1
6_公司品牌名稱,家樂福重新店,1
6_公司品牌名稱,富鼎旺-東興,1
6_公司品牌名稱,實驗動物中心,1
6_公司品牌名稱,寶皙萃,1
6_公司品牌名稱,寶貝媽咪資優幼兒園,1
6_公司品牌名稱,小巨蛋店-門市藥師,1
6_公司品牌名稱,小時候彈珠堂,1
6_公司品牌名稱,小林眼鏡-南港展覽館,1
6_公司品牌名稱,小林眼鏡-台北民生東路,1
6_公司品牌名稱,小林眼鏡-台南東安,1
6_公司品牌名稱,小林眼鏡-土城學府,1
6_公司品牌名稱,小林眼鏡-新市,1
6_公司品牌名稱,小林眼鏡-新莊中港,1
6_公司品牌名稱,小林眼鏡-松德,1
6_公司品牌名稱,小林眼鏡-桃園寶山,1
6_公司品牌名稱,小港廠,1
6_公司品牌名稱,小米之家台中店,1
6_公司品牌名稱,小米之家新莊宏匯店,1
6_公司品牌名稱,小米之家美麗華店,1
6_公司品牌名稱,小米之家西門店,1
6_公司品牌名稱,尚德酒業,1
6_公司品牌名稱,居高,1
6_公司品牌名稱,屋伴餃子,1
6_公司品牌名稱,屏東中心假日酒店,1
6_公司品牌名稱,屏東市中山黃昏市場,1
6_公司品牌名稱,屏東民生店,1
6_公司品牌名稱,山治列車-潛艇堡,1
6_公司品牌名稱,岡山店,1
6_公司品牌名稱,岡山所,1
6_公司品牌名稱,岡山校,1
6_公司品牌名稱,岡山樂購廣場,1
6_公司品牌名稱,工研院中分院,1
6_公司品牌名稱,工研院南分院,1
6_公司品牌名稱,工研院感測系統中心,1
6_公司品牌名稱,工研院業發處,1
6_公司品牌名稱,工研院資通所,1
6_公司品牌名稱,工研院院部,1
6_公司品牌名稱,左營環球店,1
6_公司品牌名稱,巨匠外語,1
6_公司品牌名稱,巨匠外語左營旗艦校,1
6_公司品牌名稱,巨匠東大日語,1
6_公司品牌名稱,巨匠美語屏東區,1
6_公司品牌名稱,巨匠電腦擴大召募,1
6_公司品牌名稱,帝王食補 桃園志廣店,1
6_公司品牌名稱,幸福店-門市藥師,1
6_公司品牌名稱,廣發寓所,1
6_公司品牌名稱,建北所,1
6_公司品牌名稱,彰化新店籌備,1
6_公司品牌名稱,彰化站前店,1
6_公司品牌名稱,彼緹娃成功店,1
6_公司品牌名稱,後昌店,1
6_公司品牌名稱,微風南京 手作廚房,1
6_公司品牌名稱,微風南山,1
6_公司品牌名稱,微風日式品牌,1
6_公司品牌名稱,德國博世 Bosch,1
6_公司品牌名稱,德民,1
6_公司品牌名稱,忠孝旗艦店,1
6_公司品牌名稱,忠孝正義,1
6_公司品牌名稱,忠孝玉成,1
6_公司品牌名稱,快樂托嬰中心,1
6_公司品牌名稱,快樂芝麻幼兒園,1
6_公司品牌名稱,快樂芝麻語幼兒園,1
6_公司品牌名稱,恆春館,1
6_公司品牌名稱,想想、Bebo - 義大店,1
6_公司品牌名稱,想想咖哩-南港環球店,1
6_公司品牌名稱,想想咖哩-台中車站店,1
6_公司品牌名稱,想想咖哩-台南三井店,1
6_公司品牌名稱,想想咖哩-桃園機場店,1
6_公司品牌名稱,愛糕糕,1
6_公司品牌名稱,戰國門市,1
6_公司品牌名稱,手作廚房 南京店,1
6_公司品牌名稱,手作廚房 微風店,1
6_公司品牌名稱,手作廚房 桂林店,1
6_公司品牌名稱,手作廚房微風店,1
6_公司品牌名稱,找尋忘不掉的笑容,1
6_公司品牌名稱,拉亞漢堡-北市行天宮,1
6_公司品牌名稱,拉亞漢堡大甲日南店,1
6_公司品牌名稱,捷運公司-文湖線,1
6_公司品牌名稱,揚堡,1
6_公司品牌名稱,教父牛排系列,1
6_公司品牌名稱,教父牛排系列餐廳,1
6_公司品牌名稱,敦北分院,1
6_公司品牌名稱,斗六佳醫居服,1
6_公司品牌名稱,斗南門市,1
6_公司品牌名稱,新光三越台中專櫃,1
6_公司品牌名稱,新北捷運,1
6_公司品牌名稱,新北板橋店,1
6_公司品牌名稱,新北門市,1
6_公司品牌名稱,新園區Feeling18 Lab,1
6_公司品牌名稱,新店中興店,1
6_公司品牌名稱,新店北新燒烤店,1
6_公司品牌名稱,新店耕莘暨安康院區,1
6_公司品牌名稱,新洲海南雞中壢中原店,1
6_公司品牌名稱,新甲分校,1
6_公司品牌名稱,新竹-蝦皮店到店,1
6_公司品牌名稱,新竹台灣美日,1
6_公司品牌名稱,新竹橙蒔美學牙醫,1
6_公司品牌名稱,新竹石頭燒烤尊榮館,1
6_公司品牌名稱,新竹竹北橙蒔牙醫,1
6_公司品牌名稱,新竹遠百,1
6_公司品牌名稱,新莊 cafein,1
6_公司品牌名稱,新莊中華店,1
6_公司品牌名稱,新莊新樹日照中心,1
6_公司品牌名稱,新莊雅聚｜中廚三廚／頭扣燉師傅,1
6_公司品牌名稱,新華泰富,1
6_公司品牌名稱,新邦城租售,1
6_公司品牌名稱,旗山店,1
6_公司品牌名稱,日出茶太Chatime-中和環球,1
6_公司品牌名稱,日出茶太Chatime-伊通店,1
6_公司品牌名稱,日出茶太Chatime-信義威秀,1
6_公司品牌名稱,日出茶太Chatime-南港環球,1
6_公司品牌名稱,日出茶太Chatime-台北車站,1
6_公司品牌名稱,日出茶太Chatime-小檜溪店,1
6_公司品牌名稱,日出茶太Chatime-新店裕隆城,1
6_公司品牌名稱,日出茶太Chatime-新竹巨城,1
6_公司品牌名稱,日出茶太Chatime-新竹站前,1
6_公司品牌名稱,日出茶太Chatime-環球板橋,1
6_公司品牌名稱,日出茶太Chatime-竹北三民,1
6_公司品牌名稱,日出茶太Chatime-美麗華,1
6_公司品牌名稱,日出茶太Chatime-關西休息站,1
6_公司品牌名稱,日式吉天麩羅,1
6_公司品牌名稱,日月光K18,1
6_公司品牌名稱,日月光路科廠,1
6_公司品牌名稱,tcl-11,1
6_公司品牌名稱,日本東京米其林一星-台北鳥喜串燒,1
6_公司品牌名稱,早安山丘岡山溪西店,1
6_公司品牌名稱,早安山丘海南店,1
6_公司品牌名稱,早安山丘華榮店,1
6_公司品牌名稱,早安山丘鼓山華榮店,1
6_公司品牌名稱,早安有喜 - 大坑店,1
6_公司品牌名稱,早安美芝城大學藍田概念店,1
6_公司品牌名稱,早安美芝城梓官進學概念店,1
6_公司品牌名稱,昊霖IZO運動部,1
6_公司品牌名稱,明新運動會館營運主管,1
6_公司品牌名稱,明水然・樂 鐵板燒 台中大遠百,1
6_公司品牌名稱,明水然・樂 鐵板燒 台中大遠百店,1
6_公司品牌名稱,明水然・樂 鐵板燒 台中大魯閣,1
6_公司品牌名稱,明水然・樂 鐵板燒 台中大魯閣店,1
6_公司品牌名稱,明水然・樂 鐵板燒 宜蘭礁溪店,1
6_公司品牌名稱,明水然・樂 鐵板燒 遠百信義店,1
6_公司品牌名稱,明水然・樂 鐵板燒 高雄三多店,1
6_公司品牌名稱,明水然・樂 鐵板燒-日本,1
6_公司品牌名稱,明水然．樂 鐵板燒 全台分店,1
6_公司品牌名稱,明水然．樂 鐵板燒 台中/彰化,1
6_公司品牌名稱,明水然．樂 鐵板燒 新竹大遠百店,1
6_公司品牌名稱,明水然．樂 鐵板燒 林口昕境店,1
6_公司品牌名稱,易鼎桃園店,1
6_公司品牌名稱,星鴻包租代管/社會住宅,1
6_公司品牌名稱,春上布丁蛋糕 關西休息站,1
6_公司品牌名稱,春上布丁蛋糕- 關西休息站,1
6_公司品牌名稱,春上布丁蛋糕-文興總店,1
6_公司品牌名稱,春日佐光—屏東仁愛店,1
6_公司品牌名稱,時尚假期-高雄,1
6_公司品牌名稱,藍屋日式料理,1
6_公司品牌名稱,近金蘭醬油,1
6_公司品牌名稱,La Ohana,1
6_公司品牌名稱,資先生烏龍麵,1
6_公司品牌名稱,晨間廚房,1
6_公司品牌名稱,晶華酒店門市,1
6_公司品牌名稱,Skylark洋食·芳鄰,1
6_公司品牌名稱,義式屋古拉爵,1
6_公司品牌名稱,涮之華,1
6_公司品牌名稱,有好多籽 新豐店,1
6_公司品牌名稱,有料-樹林秀泰店,1
6_公司品牌名稱,有飯時光_金山店,1
6_公司品牌名稱,有飯食光__竹北店,1
6_公司品牌名稱,有飯食光_竹北店,1
6_公司品牌名稱,有飯食光_金山店,1
6_公司品牌名稱,木川泵浦 高雄服務處,1
6_公司品牌名稱,本土人壽,1
6_公司品牌名稱,朵貓貓美學托嬰中心,1
6_公司品牌名稱,李西餐廳,1
6_公司品牌名稱,杏桃鬆餅屋-大直美麗華店,1
6_公司品牌名稱,東京油組総本店,1
6_公司品牌名稱,東區日亞美牙醫,1
6_公司品牌名稱,松誼企管,1
6_公司品牌名稱,板橋大遠百門市,1
6_公司品牌名稱,板橋新埔食堂,1
6_公司品牌名稱,板橋遠百店,1
6_公司品牌名稱,林口康橋中學部,1
6_公司品牌名稱,林口康橋數位發展中心,1
6_公司品牌名稱,林口美光,1
6_公司品牌名稱,林口藥倉,1
6_公司品牌名稱,林口長庚店,1
6_公司品牌名稱,柏愷,1
6_公司品牌名稱,柴橋,1
6_公司品牌名稱,桂冠自助餐廳,1
6_公司品牌名稱,桃園台積電,1
6_公司品牌名稱,桃園大有門市,1
6_公司品牌名稱,桃園大江,1
6_公司品牌名稱,桃園太冠,1
6_公司品牌名稱,桃園市_蝦皮店到店,1
6_公司品牌名稱,桃園市_蝦皮智取店,1
6_公司品牌名稱,桃園市大和非營利幼兒園,1
6_公司品牌名稱,桃園新光影城店,1
6_公司品牌名稱,桃園日不落牙醫籌備處,1
6_公司品牌名稱,桃園桃大極門市,1
6_公司品牌名稱,桃園機場_新東陽,1
6_公司品牌名稱,桃園機場美食廣場_新東陽,1
6_公司品牌名稱,桃園遠百店,1
6_公司品牌名稱,梁社漢龜山文興店,1
6_公司品牌名稱,楊梅3M,1
6_公司品牌名稱,楊梅蝦皮,1
6_公司品牌名稱,楠梓區派駐護國神山,1
6_公司品牌名稱,榮總店-門市藥師,1
6_公司品牌名稱,榮總素食自助餐,1
6_公司品牌名稱,樂沛牙醫,1
6_公司品牌名稱,樂法,1
6_公司品牌名稱,樂法藍昌店,1
6_公司品牌名稱,樂群店,1
6_公司品牌名稱,歐德傢俱經國店｜南崁展店籌備中,1
6_公司品牌名稱,水鳥 嘉義店,1
6_公司品牌名稱,永和智光門市,1
6_公司品牌名稱,永和耕莘,1
6_公司品牌名稱,永安店,1
6_公司品牌名稱,永慶左營至聖店,1
6_公司品牌名稱,永科廠,1
6_公司品牌名稱,永續健康研究,1
6_公司品牌名稱,江南麵屋-新濱町店,1
6_公司品牌名稱,江南麵屋-義大店,1
6_公司品牌名稱,汽美產業,1
6_公司品牌名稱,河堤墾丁渡假酒店 一杓鍋物,1
6_公司品牌名稱,河堤墾丁渡假酒店,1
6_公司品牌名稱,泰蝦PA,1
6_公司品牌名稱,泰迪農園咖哩-一江店,1
6_公司品牌名稱,泰迪農園咖哩-台北區,1
6_公司品牌名稱,液壓設備廠商,1
6_公司品牌名稱,淡水啟文幼兒園,1
6_公司品牌名稱,淡水團隊七店聯賣滿滿資源,1
6_公司品牌名稱,淡水竹圍門市,1
6_公司品牌名稱,淡水英專門市,1
6_公司品牌名稱,添好運-台北車前店,1
6_公司品牌名稱,添好運點心專門店-台北市/新北市,1
6_公司品牌名稱,清邁米粉湯向上店,1
6_公司品牌名稱,港九香滿樓餐廳-鄰近西門捷運,1
6_公司品牌名稱,湯棧鍋物-高雄中山店,1
6_公司品牌名稱,漢神本館,1
6_公司品牌名稱,漢記,1
6_公司品牌名稱,漢餅房門市,1
6_公司品牌名稱,潭科,1
6_公司品牌名稱,潮欣門市,1
6_公司品牌名稱,潮流快時尚,1
6_公司品牌名稱,澄清,1
6_公司品牌名稱,澎湖縣馬公市_蝦皮智取店,1
6_公司品牌名稱,濟安鮨日本料理,1
6_公司品牌名稱,"灣裡,Wanri",1
6_公司品牌名稱,炒湘湘-日月光土城店,1
6_公司品牌名稱,炒食代｜全台第一家AI智能餐廳,1
6_公司品牌名稱,焞 料理屋,1
6_公司品牌名稱,焦糖楓串燒,1
6_公司品牌名稱,熱浪小島-中科店,1
6_公司品牌名稱,牛角 台中愛買復興店,1
6_公司品牌名稱,牛角Buffet 台中lalaport店,1
6_公司品牌名稱,牛角Buffet-台中lalaport店,1
6_公司品牌名稱,牛角Buffet-台中lalapor店,1
6_公司品牌名稱,狂一鍋 宜蘭店,1
6_公司品牌名稱,狂一鍋 竹北自強店,1
6_公司品牌名稱,狂一鍋 高雄台鋁店,1
6_公司品牌名稱,狂一鍋台北西門店,1
6_公司品牌名稱,狂一鍋高雄義享店,1
6_公司品牌名稱,獅子大開口,1
6_公司品牌名稱,玉豆腐 成功店,1
6_公司品牌名稱,玉豆腐 鳳山店,1
6_公司品牌名稱,王小二中式早餐,1
6_公司品牌名稱,王小二甜品,1
6_公司品牌名稱,瑞士商,1
6_公司品牌名稱,瑞士輪圈工廠－亞洲生產廠,1
6_公司品牌名稱,瑞芳明燈日照中心,1
6_公司品牌名稱,璽妃養生料理,1
6_公司品牌名稱,百億慈善企業,1
6_公司品牌名稱,百利站,1
6_公司品牌名稱,益康食品,1
6_公司品牌名稱,石牌榮總店,1
6_公司品牌名稱,碧國建設,1
6_公司品牌名稱,礁溪庄 櫻桃谷,1
6_公司品牌名稱,示波研發,1
6_公司品牌名稱,祥寶居家,1
6_公司品牌名稱,福和店,1
6_公司品牌名稱,福山分校,1
6_公司品牌名稱,竹北博愛店,1
6_公司品牌名稱,竹北自強店,1
6_公司品牌名稱,竹北華興非營利幼兒園,1
6_公司品牌名稱,竹北遠東店,1
6_公司品牌名稱,竹南台積店,1
6_公司品牌名稱,竹南台積電,1
6_公司品牌名稱,竹科台積電,1
6_公司品牌名稱,築間-中壢威尼斯,1
6_公司品牌名稱,築間-中壢高鐵北路,1
6_公司品牌名稱,築間-北屯廍子,1
6_公司品牌名稱,築間-台中中科,1
6_公司品牌名稱,築間-台中高工店,1
6_公司品牌名稱,築間-台南中華,1
6_公司品牌名稱,築間-小港山明,1
6_公司品牌名稱,築間-屏東崇朝,1
6_公司品牌名稱,築間-平鎮新光,1
6_公司品牌名稱,築間-新北三重,1
6_公司品牌名稱,築間-新店京站,1
6_公司品牌名稱,築間-新興中山,1
6_公司品牌名稱,築間-新興六合,1
6_公司品牌名稱,築間-雲林虎尾,1
6_公司品牌名稱,築間-鼓山美術,1
6_公司品牌名稱,築間-龍潭東龍店,1
6_公司品牌名稱,米其林・鈺善閣台北店,1
6_公司品牌名稱,米其林台南輪胎中心,1
6_公司品牌名稱,米金空間,1
6_公司品牌名稱,糖村-台中福雅店,1
6_公司品牌名稱,糖村-台北101店,1
6_公司品牌名稱,糖村-台北京站店,1
6_公司品牌名稱,糖村-台北敦南2店,1
6_公司品牌名稱,糖村-台北敦南店,1
6_公司品牌名稱,糖村-台北新光南西,1
6_公司品牌名稱,糖村-台北遠東大巨蛋,1
6_公司品牌名稱,糖村-台北遠百信義A8店,1
6_公司品牌名稱,糖村-忠孝復興SOGO 店,1
6_公司品牌名稱,糖村-文心旗艦店,1
6_公司品牌名稱,糖村-桃園台茂店,1
6_公司品牌名稱,糖村-桃園機場店,1
6_公司品牌名稱,糖村-漢神巨蛋店,1
6_公司品牌名稱,糖村-高雄巨蛋,1
6_公司品牌名稱,紅樹林有線電視,1
6_公司品牌名稱,總太聚作,1
6_公司品牌名稱,羅東純精-阿曼地產,1
6_公司品牌名稱,羊燒味溫體羊肉燒烤,1
6_公司品牌名稱,羊燒味｜溫體羊肉燒烤,1
6_公司品牌名稱,美光駐點,1
6_公司品牌名稱,大江3分鐘,1
6_公司品牌名稱,美術館店,1
6_公司品牌名稱,美麗華,1
6_公司品牌名稱,美麗華影城店,1
6_公司品牌名稱,群富,1
6_公司品牌名稱,義條條,1
6_公司品牌名稱,聖若瑟,1
6_公司品牌名稱,聯成外語擴編,1
6_公司品牌名稱,肉多多/明水然品牌 高雄區,1
6_公司品牌名稱,膳馨民間創作料理-創始店,1
6_公司品牌名稱,膳馨民間創作料理–創始店,1
6_公司品牌名稱,膳馨民間創作料理–市政店,1
6_公司品牌名稱,臨床試驗中心,1
6_公司品牌名稱,至善,1
6_公司品牌名稱,臺中居服,1
6_公司品牌名稱,臺中藥倉,1
6_公司品牌名稱,臺北佳愛居服,1
6_公司品牌名稱,臺北市至善老人安養中心,1
6_公司品牌名稱,臺虎 Bar Bodega,1
6_公司品牌名稱,臺虎 Bar MED,1
6_公司品牌名稱,臺虎 啜飲室台中,1
6_公司品牌名稱,臻暉門市,1
6_公司品牌名稱,舊寮店,1
6_公司品牌名稱,航訓中心,1
6_公司品牌名稱,芝麻有籽 桃園同德店,1
6_公司品牌名稱,芝麻義麵 新豐店,1
6_公司品牌名稱,芝麻義麵,1
6_公司品牌名稱,芬蘭品牌餐瓷｜新竹巨城,1
6_公司品牌名稱,芬蘭商,1
6_公司品牌名稱,花蓮民國門市,1
6_公司品牌名稱,花鹿覓,1
6_公司品牌名稱,苗栗事業處,1
6_公司品牌名稱,苗栗銅鑼盟立自動化,1
6_公司品牌名稱,荷蘭商ASML,1
6_公司品牌名稱,菇神新社店,1
6_公司品牌名稱,萃99＇ Caffee,1
6_公司品牌名稱,萬家福樹林店,1
6_公司品牌名稱,萬泰友好專區,1
6_公司品牌名稱,萬磨腸粉｜仁愛店,1
6_公司品牌名稱,萬芳醫院店,1
6_公司品牌名稱,萬芳醫院門市,1
6_公司品牌名稱,蝦皮大園建國倉,1
6_公司品牌名稱,蝦皮店到店｜台中西屯永福店,1
6_公司品牌名稱,蝦皮店到店｜台北中山林森門市,1
6_公司品牌名稱,蝦皮店到店｜台南安南本原店,1
6_公司品牌名稱,蝦皮店到店｜台南安南海佃店,1
6_公司品牌名稱,蝦皮店到店｜台南開山店,1
6_公司品牌名稱,蝦皮店到店｜新店三民店,1
6_公司品牌名稱,蝦皮店到店｜新店百忍店,1
6_公司品牌名稱,蝦皮店到店｜桃園中壢公園店,1
6_公司品牌名稱,蝦皮店到店｜桃園龍潭建國店,1
6_公司品牌名稱,蝦皮店到店｜高雄小港永義店,1
6_公司品牌名稱,蝦皮購物,1
6_公司品牌名稱,貓將,1
6_公司品牌名稱,貓空暘臺,1
6_公司品牌名稱,貝莉希瑪｜向上店,1
6_公司品牌名稱,貝莉希瑪｜漢口店,1
6_公司品牌名稱,貝莉希瑪｜美術館店,1
6_公司品牌名稱,貝莉希瑪｜黎明店,1
6_公司品牌名稱,貳樓餐廳-嘉義秀泰店,1
6_公司品牌名稱,貳樓餐廳-新竹店,1
6_公司品牌名稱,貳樓餐廳-桃園台茂店,1
6_公司品牌名稱,貳樓餐廳-淡水店,1
6_公司品牌名稱,貳樓餐廳-高雄SKM Park店,1
6_公司品牌名稱,貴族世家mini向上店,1
6_公司品牌名稱,賴山嶼 新店七張店,1
6_公司品牌名稱,賴山嶼 桃園華泰店,1
6_公司品牌名稱,赤鬼台灣大道,1
6_公司品牌名稱,赤鬼員林,1
6_公司品牌名稱,赤鬼大里,1
6_公司品牌名稱,路科,1
6_公司品牌名稱,路科華邦,1
6_公司品牌名稱,躍越名店,1
6_公司品牌名稱,輕煙蒜味肉羹,1
6_公司品牌名稱,輕鬆購,1
6_公司品牌名稱,輝葉茶行,1
6_公司品牌名稱,農人餐桌,1
6_公司品牌名稱,近力霸倫敦城,1
6_公司品牌名稱,達立,1
6_公司品牌名稱,遠傳特約門市(桃園中壢健行),1
6_公司品牌名稱,遠傳特約門市(桃園中壢區),1
6_公司品牌名稱,遠傳特約門市(桃園八德區),1
6_公司品牌名稱,遠傳特約門市(桃園八德桃鶯區),1
6_公司品牌名稱,酷澎 Coupang,1
6_公司品牌名稱,酷澎*遠端行政工作,1
6_公司品牌名稱,酷澎｜客戶關係管理,1
6_公司品牌名稱,重愛店,1
6_公司品牌名稱,重機銷售顧問｜DY Moto 重機,1
6_公司品牌名稱,金名號雞肉飯,1
6_公司品牌名稱,金城機廠專案,1
6_公司品牌名稱,錢進楠梓,1
6_公司品牌名稱,錢都建國店,1
6_公司品牌名稱,錦家御宴,1
6_公司品牌名稱,鑫格食品,1
6_公司品牌名稱,開南大學招生事務處,1
6_公司品牌名稱,閱讀樹托嬰中心,1
6_公司品牌名稱,闊 shabu shabu,1
6_公司品牌名稱,闊佬shabu shabu,1
6_公司品牌名稱,阿曼地產,1
6_公司品牌名稱,阿秋大肥鵝-健康店,1
6_公司品牌名稱,隆德天下,1
6_公司品牌名稱,雅匠廚具,1
6_公司品牌名稱,雙十素食自助餐,1
6_公司品牌名稱,雙福醫院,1
6_公司品牌名稱,雙連社福基金會,1
6_公司品牌名稱,雙醬咖哩_台北小巨蛋店,1
6_公司品牌名稱,雞湯大叔 敦南店,1
6_公司品牌名稱,雞湯大叔 桃園台茂店,1
6_公司品牌名稱,雞湯大叔 桃園藝文店,1
6_公司品牌名稱,雞湯桑 行天宮,1
6_公司品牌名稱,雲象泰式餐廳-東山服務區,1
6_公司品牌名稱,雲鼎門市,1
6_公司品牌名稱,面料事業群,1
6_公司品牌名稱,韓屋村-精緻銅盤烤肉,1
6_公司品牌名稱,頂呱呱炸雞,1
6_公司品牌名稱,預計開幕 撈王 統一時代店,1
6_公司品牌名稱,頗微康輕食餐盒-汐止東科店,1
6_公司品牌名稱,飛鷹中環-臻鷹雄,1
6_公司品牌名稱,饌澤原-南崁店,1
6_公司品牌名稱,饗A Joy & 旨醞鐵板料理,1
6_公司品牌名稱,饗饗lnParadise,1
6_公司品牌名稱,饗點鍋-五結店,1
6_公司品牌名稱,饗點鍋-羅東店,1
6_公司品牌名稱,饗點鍋｜羅東店,1
6_公司品牌名稱,馨苑小料理–西區店,1
6_公司品牌名稱,馨蕙馨牙科部,1
6_公司品牌名稱,馬友友印度餐廳,1
6_公司品牌名稱,馬達事業處,1
6_公司品牌名稱,駿禾興團隊,1
6_公司品牌名稱,高鐵嘉義,1
6_公司品牌名稱,高階獵才事業群,1
6_公司品牌名稱,高雄 漢來物管,1
6_公司品牌名稱,高雄三元,1
6_公司品牌名稱,高雄五甲店,1
6_公司品牌名稱,高雄佳醫居服,1
6_公司品牌名稱,高雄台積電,1
6_公司品牌名稱,高雄四維店,1
6_公司品牌名稱,高雄地區_蝦皮智取店,1
6_公司品牌名稱,高雄大昌店,1
6_公司品牌名稱,高雄岡山區-TDC人才資源發展中心,1
6_公司品牌名稱,高雄左營環球店,1
6_公司品牌名稱,高雄形象概念店,1
6_公司品牌名稱,高雄所,1
6_公司品牌名稱,高雄楠梓照護中心,1
6_公司品牌名稱,高雄營業所,1
6_公司品牌名稱,高雄義大,1
6_公司品牌名稱,高雄蝦皮智取店,1
6_公司品牌名稱,高雄購物中心,1
6_公司品牌名稱,鬥牛士牛排食堂＿五福店,1
6_公司品牌名稱,鬼匠拉麵-青埔店,1
6_公司品牌名稱,鬼燒串物專門店,1
6_公司品牌名稱,魚貝和鶏,1
6_公司品牌名稱,鮨中澤,1
6_公司品牌名稱,鴨肉珍-大公店,1
6_公司品牌名稱,鹿茶食屋,1
6_公司品牌名稱,鹿茶食屋商店,1
6_公司品牌名稱,麵屋一燈 高雄夢時代店,1
6_公司品牌名稱,麻到成功,1
6_公司品牌名稱,麻小辣溪尾店,1
6_公司品牌名稱,黃政維企業,1
6_公司品牌名稱,黎明校,1
6_公司品牌名稱,黑橋牌,1
6_公司品牌名稱,點點心-中和環球店,1
6_公司品牌名稱,點點心-夢時代高雄店,1
6_公司品牌名稱,點點心-大江中壢店,1
6_公司品牌名稱,點點心-微風信義店,1
6_公司品牌名稱,點點心-日月光土城店,1
6_公司品牌名稱,點點心-裕隆城新店,1
6_公司品牌名稱,龍崗異域餐酒館,1
6_公司品牌名稱,龍江店-門市藥師,1
6_公司品牌名稱,龍潭有機農場,1
6_公司品牌名稱,龜山中興店,1
6_公司品牌名稱,🎏崟洲團隊-高專高抽成,1
6_公司品牌名稱,🎏崟洲團隊–危老重建團隊,1
6_公司品牌名稱,🐮牛角 中和環球店,1
6_公司品牌名稱,🐮牛角 南港車站店,1
6_公司品牌名稱,🐮牛角 台中大遠百店,1
6_公司品牌名稱,🐮牛角 台中愛買復興店,1
6_公司品牌名稱,🐮牛角 台中豐原太平洋店,1
6_公司品牌名稱,🐮牛角 台南永康愛買店,1
6_公司品牌名稱,🐮牛角 屏東太平洋店,1
6_公司品牌名稱,🐮牛角 復興店,1
6_公司品牌名稱,🐮牛角 新竹大遠百店,1
6_公司品牌名稱,🐮牛角 板橋店,1
6_公司品牌名稱,🐮牛角 桃園遠百店,1
6_公司品牌名稱,🐮牛角 高雄義大店,1
6_公司品牌名稱,🐮牛角次男坊 京站店,1
6_公司品牌名稱,🐮牛角次男坊 大葉高島屋店,1
6_公司品牌名稱,🐮牛角次男坊 林口店,1
6_公司品牌名稱,老杭家麵食館,1
6_公司品牌名稱,城市商旅-南東館,1
6_公司品牌名稱,城市商旅-德立莊,1
6_公司品牌名稱,城市商旅-德立莊美麗島,1
6_公司品牌名稱,好好鍋＿美術店,1
6_公司品牌名稱,台中三井Outlet,1
6_公司品牌名稱,新光A8門市,1
6_公司品牌名稱,北車微風門市,1
6_公司品牌名稱,午後(17-01),1
6_公司品牌名稱,台中順和二店,1
6_公司品牌名稱,嘉義軍輝店,1
6_公司品牌名稱,民雄中華店,1
6_公司品牌名稱,北埔北埔店,1
6_公司品牌名稱,嘉義東義店,1
6_公司品牌名稱,嘉義-水上忠孝店,1
6_公司品牌名稱,嘉義自強店,1
6_公司品牌名稱,豐原南陽二店,1
6_公司品牌名稱,龍井國際店,1
6_公司品牌名稱,龍井東海店,1
6_公司品牌名稱,UBEREATS 近先嗇宮站,1
6_公司品牌名稱,UBEREATS 近港墘站,1
6_公司品牌名稱,又青牙醫,1
6_公司品牌名稱,BR4迴轉,1
6_公司品牌名稱,花蓮縣玉里鎮社區公共托育家園,1
6_公司品牌名稱,竹北遠百店-添好運,1
6_公司品牌名稱,仁武店,1
6_公司品牌名稱,鳳松店,1
6_公司品牌名稱,新竹區辦事處,1
6_公司品牌名稱,新竹市新展店,1
6_公司品牌名稱,汐止-iFG遠雄廣場,1
6_公司品牌名稱,TAH001 天賦發展中心,1
6_公司品牌名稱,天賦發展中心,1
6_公司品牌名稱,小港房地產最優質溫馨團隊,1
6_公司品牌名稱,台北仁愛店,1
6_公司品牌名稱,台北公館店,1
6_公司品牌名稱,貳樓中山店,1
6_公司品牌名稱,貳樓南港店,1
6_公司品牌名稱,貳樓台茂店,1
6_公司品牌名稱,貳樓微風南山店,1
6_公司品牌名稱,貳樓敦南店,1
6_公司品牌名稱,貳樓新竹巨城店,1
6_公司品牌名稱,貳樓淡水店,1
6_公司品牌名稱,貳樓西湖,1
6_公司品牌名稱,臺北市私立幼新幼兒園,1
6_公司品牌名稱,康是美 吉昌藥局,1
6_公司品牌名稱,康是美雲斗藥局,1
6_公司品牌名稱,康是美 微笑藥局,1
6_公司品牌名稱,滷春秋,1
6_公司品牌名稱,添好運-竹北遠百,1
6_公司品牌名稱,品牌鵝子-新竹地區,1
6_公司品牌名稱,金御賞,1
6_公司品牌名稱,金爸爸 秀泰文心店,1
6_公司品牌名稱,烤台-明華店,1
6_公司品牌名稱,烤台-楠梓新開幕店,1
6_公司品牌名稱,烤台-鳳頂店,1
6_公司品牌名稱,竹林總店,1
6_公司品牌名稱,杏子豬排-台中文心家樂福店,1
6_公司品牌名稱,杏子豬排-左營環球店,1
6_公司品牌名稱,大阪王將-左營環球店,1
6_公司品牌名稱,大阪王將-板橋環球店,1
6_公司品牌名稱,大阪王將-桃園環球A19店,1
6_公司品牌名稱,杏子豬排-台中廣三SOGO店,1
6_公司品牌名稱,杏子豬排-嘉義耐斯店,1
6_公司品牌名稱,杏子豬排-新竹巨城店,1
6_公司品牌名稱,杏子豬排-高雄左營環球店,1
6_公司品牌名稱,橋村炸雞-台中民權店,1
6_公司品牌名稱,段純貞-台中廣三SOGO店,1
6_公司品牌名稱,段純貞-新店京站店,1
6_公司品牌名稱,雞三和-北車微風店,1
6_公司品牌名稱,雞三和-台北SOGO復興,1
6_公司品牌名稱,雞三和-漢神巨蛋店,1
6_公司品牌名稱,品牌鵝子-竹北縣政店,1
6_公司品牌名稱,品牌鵝子-竹北文信店,1
6_公司品牌名稱,橋頭糖廠店,1
6_公司品牌名稱,新竹比佛利店,1
6_公司品牌名稱,屏東鑫翊聖店,1
6_公司品牌名稱,台中惠春店,1
6_公司品牌名稱,台中花市店,1
6_公司品牌名稱,和發廣場店,1
6_公司品牌名稱,桃園和碩店、桃園長沙、桃園鼎聖,1
6_公司品牌名稱,台中逢甲服務中心,1
6_公司品牌名稱,高雄建國服務中心,1
6_公司品牌名稱,柳吟國文基隆校,1
6_公司品牌名稱,柳吟國文新竹校,1
6_公司品牌名稱,上乘礁溪店,1
6_公司品牌名稱,添好運 竹北遠百店,1
6_公司品牌名稱,黎明店,1
6_公司品牌名稱,101 35樓菜鳥書蒔,1
6_公司品牌名稱,隨意鳥地方 101 85 樓,1
6_公司品牌名稱,台北長安店,1
6_公司品牌名稱,高雄中山店,1
6_公司品牌名稱,台南小北店-添好運,1
6_公司品牌名稱,台南小北門-添好運,1
6_公司品牌名稱,康是美 五華藥局,1
6_公司品牌名稱,康是美 東英藥局,1
6_公司品牌名稱,康是美 縣政藥局,1
6_公司品牌名稱,康是美瑞興藥局,1
6_公司品牌名稱,康是美自強藥局,1
6_公司品牌名稱,康是美麻豆藥局,1
6_公司品牌名稱,杏子豬排-新店京站店,1
6_公司品牌名稱,杏子豬排-桃園廣豐店,1
6_公司品牌名稱,段純貞-高雄夢時代店,1
6_公司品牌名稱,QODM實驗室,1
6_公司品牌名稱,東方翡翠台中店,1
6_公司品牌名稱,東方翡翠新竹店,1
6_公司品牌名稱,普林斯頓幼兒園,1
6_公司品牌名稱,快樂五七團隊-故宮南院店,1
6_公司品牌名稱,竹北大遠百店,1
6_公司品牌名稱,麗寶樂園店,1
6_公司品牌名稱,台南新光三越中山店,1
6_公司品牌名稱,台南新光三越西門店,1
6_公司品牌名稱,台南南紡夢時代店,1
6_公司品牌名稱,台中三井LaLaport店,1
6_公司品牌名稱,高雄大立店,1
6_公司品牌名稱,遠雄,1
6_公司品牌名稱,DREAM PLAZA,1
6_公司品牌名稱,TCI儲備菁英人才計劃,1
6_公司品牌名稱,八德旗艦店,1
6_公司品牌名稱,日和門市,1
6_公司品牌名稱,永康門市,1
6_公司品牌名稱,旗艦觀光門市,1
6_公司品牌名稱,幸福第一站,1
6_公司品牌名稱,台中精武店,1
6_公司品牌名稱,凱璿團隊,1
6_公司品牌名稱,板前店,1
6_公司品牌名稱,欣葉鐘菜,1
6_公司品牌名稱,添好運-信義店,1
6_公司品牌名稱,日本料理 館前店,1
6_公司品牌名稱,康是美 文青藥局,1
6_公司品牌名稱,派遣至LinePay,1
6_公司品牌名稱,國家蚊媒中心,1
6_公司品牌名稱,學悟文理,1
6_公司品牌名稱,SAH001 全球業務中心,1
6_公司品牌名稱,入境部-韓語,1
6_公司品牌名稱,遊輪部,1
6_公司品牌名稱,票務部,1
6_公司品牌名稱,綜辦部-台中,1
6_公司品牌名稱,品牌鵝子-竹北埔頂店,1
6_公司品牌名稱,欣葉小聚 環球店,1
6_公司品牌名稱,PappaRich 秀泰文心店,1
6_公司品牌名稱,金爸爸 LALAPORT台中店,1
6_公司品牌名稱,台東-歐郷,1
6_公司品牌名稱,添好運-台南小北門店,1
6_公司品牌名稱,添好運-桃園 經國店,1
6_公司品牌名稱,品牌鵝子-竹北全區,1
6_公司品牌名稱,品牌初鰻-晴光店,1
6_公司品牌名稱,品牌初鰻-松菸店,1
6_公司品牌名稱,員林皇潮鼎宴,1
6_公司品牌名稱,台南小北門店-添好運,1
6_公司品牌名稱,桃園站前店-添好運,1
6_公司品牌名稱,添好運-信義A8,1
6_公司品牌名稱,添好運-台中區,1
6_公司品牌名稱,上班地點 : 夏慕尼 宜蘭新月店,1
6_公司品牌名稱,台中老虎城店,1
6_公司品牌名稱,左營新光三越店,1
6_公司品牌名稱,桃園愛買店,1
6_公司品牌名稱,漢神巨蛋店,1
6_公司品牌名稱,高雄大遠百店,1
6_公司品牌名稱,桃園經國店-添好運,1
6_公司品牌名稱,住商台中十期店,1
6_公司品牌名稱,微風南京店,1
6_公司品牌名稱,誠品松菸店,1
6_公司品牌名稱,加入榮成・好事皆成,1
6_公司品牌名稱,力麗觀光-月潭館,1
6_公司品牌名稱,中鋼小港廠區,1
6_公司品牌名稱,友翔戶外,1
6_公司品牌名稱,三井林口店,1
6_公司品牌名稱,牧石鍋物 大興店,1
6_公司品牌名稱,杏子豬排-台北凱撒店,1
6_公司品牌名稱,京都勝牛-台北區,1
6_公司品牌名稱,京都勝牛-新店裕隆城店,1
6_公司品牌名稱,生活村幼兒園,1
6_公司品牌名稱,幸福家東橋店,1
6_公司品牌名稱,幸福家民生店,1
6_公司品牌名稱,京都勝牛-新北區,1
6_公司品牌名稱,Nagomi 新中山店,1
6_公司品牌名稱,Nagomi 新光A8店,1
6_公司品牌名稱,康是美 五福門市,1
6_公司品牌名稱,康是美 益昌門市,1
6_公司品牌名稱,三民店,1
6_公司品牌名稱,"和運租車,年終最高3個月",1
6_公司品牌名稱,貳樓西湖店,1
6_公司品牌名稱,住商-高雄楠梓土庫店,1
6_公司品牌名稱,茴香食蔬,1
6_公司品牌名稱,行李箱精品,1
6_公司品牌名稱,林口濬漢廠,1
6_公司品牌名稱,台大癌醫店,1
6_公司品牌名稱,中油新社中和街站,1
6_公司品牌名稱,北港家樂福,1
6_公司品牌名稱,12廚內場(中式),1
6_公司品牌名稱,睿淇,1
6_公司品牌名稱,喜朵托嬰中心,1
6_公司品牌名稱,台中大甲日南門市,1
6_公司品牌名稱,SAVE 認證聯盟,1
6_公司品牌名稱,八德廣福店,1
6_公司品牌名稱,康是美 佳里藥局,1
6_公司品牌名稱,康是美 新路竹門市,1
6_公司品牌名稱,康是美 曉陽藥局,1
6_公司品牌名稱,康是美 洲際藥局,1
6_公司品牌名稱,康是美 虎尾藥局,1
6_公司品牌名稱,康是美 鳳揚門市,1
6_公司品牌名稱,康是美 麻豆藥局,1
6_公司品牌名稱,康是美美濃門市,1
6_公司品牌名稱,快樂57團隊-嘉科店、好市多店、南院店,1
6_公司品牌名稱,文府非營利幼兒園,1
6_公司品牌名稱,花蓮社區據點中心,1
6_公司品牌名稱,長榮幼兒園,1
6_公司品牌名稱,馬公店,1
6_公司品牌名稱,ADH001 行政服務中心-文件管理部,1
6_公司品牌名稱,大墩二店,1
6_公司品牌名稱,漢口店,1
6_公司品牌名稱,潭子勝利店,1
6_公司品牌名稱,松竹店,1
6_公司品牌名稱,一安藥局-新杏店,1
6_公司品牌名稱,一安藥局-新泰店,1
6_公司品牌名稱,蝦皮Shope,1
6_公司品牌名稱,日本料理 中茂店,1
6_公司品牌名稱,信義微風A3門市,1
6_公司品牌名稱,天母高島屋店-添好運,1
6_公司品牌名稱,新光店,1
6_公司品牌名稱,新北中和-智取店,1
6_公司品牌名稱,安定港口楓慕牛排館,1
6_公司品牌名稱,天茂和平店,1
6_公司品牌名稱,南港LaLaport,1
6_公司品牌名稱,路易奇電力公司-林口塑膠電廠,1
6_公司品牌名稱,無老苓雅店,1
6_公司品牌名稱,無老西門町中華店,1
6_公司品牌名稱,無老信義店,1
6_公司品牌名稱,無老永康店,1
6_公司品牌名稱,鼎王縣政店,1
6_公司品牌名稱,光復工作站,1
6_公司品牌名稱,富里工作站,1
6_公司品牌名稱,玉里工作站,1
6_公司品牌名稱,瑞穗工作站,1
6_公司品牌名稱,慶城店,1
6_公司品牌名稱,竹賀門市,1
6_公司品牌名稱,高竹門市,1
6_公司品牌名稱,東興店,1
6_公司品牌名稱,大寮元件廠,1
6_公司品牌名稱,蝦皮客服,1
6_公司品牌名稱,華泰名品城門市,1
6_公司品牌名稱,大和鼓日式拉麵店,1
6_公司品牌名稱,大和鼓(富山黑拉麵),1
6_公司品牌名稱,SKM /大魯閣,1
6_公司品牌名稱,高雄左營新光,1
6_公司品牌名稱,林口三井二店,1
6_公司品牌名稱,豐生活購物中心店,1
6_公司品牌名稱,鹿水谷堂,1
6_公司品牌名稱,Giorgio Armani,1
6_公司品牌名稱,新店裕隆城-添好運,1
6_公司品牌名稱,添好運-板橋大遠百,1
6_公司品牌名稱,添好運-桃園經國店,1
6_公司品牌名稱,UBEREATS 近信義安和站,1
6_公司品牌名稱,日本料理館前店,1
6_公司品牌名稱,日本料理 健康店,1
6_公司品牌名稱,杏子豬排-板橋環球店,1
6_公司品牌名稱,清福醫院_血液透析中心,1
6_公司品牌名稱,臺北市立兒童新樂園,1
6_公司品牌名稱,貓空纜車,1
6_公司品牌名稱,北投光明店,1
6_公司品牌名稱,屏東潮州店,1
6_公司品牌名稱,欣欣店,1
6_公司品牌名稱,中和大潤發,1
6_公司品牌名稱,左營新光店,1
6_公司品牌名稱,微風北車,1
6_公司品牌名稱,新竹台積電F20廠店,1
6_公司品牌名稱,楠梓日月光店,1
6_公司品牌名稱,內湖家樂福店,1
6_公司品牌名稱,大阪王將-宜蘭新月店,1
6_公司品牌名稱,雞三和-高雄義大店,1
6_公司品牌名稱,尖端數位牙體技術所,1
6_公司品牌名稱,彼沐動物醫院,1
6_公司品牌名稱,那米哥莊園,1
6_公司品牌名稱,蕭中正醫院_RCC,1
6_公司品牌名稱,蕭中正醫院_RCW,1
6_公司品牌名稱,蕭中正醫院_ICU,1
6_公司品牌名稱,CITYLINK南港店,1
6_公司品牌名稱,中和環球購物中心,1
6_公司品牌名稱,中壢大江店,1
6_公司品牌名稱,新莊宏匯廣場,1
6_公司品牌名稱,台中漢神洲際廣場,1
6_公司品牌名稱,台南三井outlet,1
6_公司品牌名稱,東方台中,1
6_公司品牌名稱,東方新竹,1
6_公司品牌名稱,昌隆廣場,1
6_公司品牌名稱,台中禾膳,1
6_公司品牌名稱,小禾馨新生,1
6_公司品牌名稱,慧智檢驗所,1
6_公司品牌名稱,民權牙科,1
6_公司品牌名稱,幸福家大同店,1
6_公司品牌名稱,傳家抓周生日派對台中店,1
6_公司品牌名稱,傳家抓周生日派對新竹店,1
6_公司品牌名稱,Taïrroir 態芮,1
6_公司品牌名稱,京都勝牛-台南三井店,1
6_公司品牌名稱,京都勝牛-高雄區,1
6_公司品牌名稱,桂安門市,1
6_公司品牌名稱,"和運租車, 年終最高3個月",1
6_公司品牌名稱,勤美門市,1
6_公司品牌名稱,台中新時代門市,1
6_公司品牌名稱,台中豐原門市,1
6_公司品牌名稱,台中遠百門市,1
6_公司品牌名稱,台北-西門門市,1
6_公司品牌名稱,巨蛋門市,1
6_公司品牌名稱,忠孝門市,1
6_公司品牌名稱,新北-新莊宏匯門市,1
6_公司品牌名稱,巨城/西大,1
6_公司品牌名稱,新竹廟前門市,1
6_公司品牌名稱,新竹西大門市,1
6_公司品牌名稱,松山門市,1
6_公司品牌名稱,板橋商圈-環板、板大、府中,1
6_公司品牌名稱,板橋商圈-環板、板大、府中門市,1
6_公司品牌名稱,義享天地門市,1
6_公司品牌名稱,高雄夢時代門市,1
6_公司品牌名稱,裕誠館,1
6_公司品牌名稱,三重文化店,1
6_公司品牌名稱,文山新光店,1
6_公司品牌名稱,大安樂業店,1
6_公司品牌名稱,泰山民族店,1
6_公司品牌名稱,日補校,1
6_公司品牌名稱,台南永康中正店,1
6_公司品牌名稱,斯朵利美妍SPA沙鹿店,1
6_公司品牌名稱,玉里鎮社區公共托育家園,1
6_公司品牌名稱,鳳林社區公共托育家園,1
6_公司品牌名稱,台中美光,1
6_公司品牌名稱,Taihu Tokyo,1
6_公司品牌名稱,青苗人才培養計劃,1
6_公司品牌名稱,人體工房,1
6_公司品牌名稱,行政服務中心-國際法務部,1
6_公司品牌名稱,海岸線美式海鮮餐廳,1
6_公司品牌名稱,土城行李箱精品,1
6_公司品牌名稱,添好運-台中麗寶店,1
6_公司品牌名稱,傳家台南,1
6_公司品牌名稱,傳家新北,1
6_公司品牌名稱,傳家桃園,1
6_公司品牌名稱,傳家高雄,1
6_公司品牌名稱,傳家印章台中,1
6_公司品牌名稱,傳家抓周新竹,1
6_公司品牌名稱,東南留學,1
6_公司品牌名稱,傳家台中店,1
6_公司品牌名稱,傳家台南店,1
6_公司品牌名稱,傳家新北店,1
6_公司品牌名稱,傳家新竹店,1
6_公司品牌名稱,傳家桃園店,1
6_公司品牌名稱,南港捷運站lalaport店,1
6_公司品牌名稱,捷運內湖店,1
6_公司品牌名稱,捷運市政府店,1
6_公司品牌名稱,澎湖澎坊三號港店,1
6_公司品牌名稱,瑞玲外省仔麵｜台南永康,1
6_公司品牌名稱,茶爵天首閣,1
6_公司品牌名稱,信維、信義證櫃,1
6_公司品牌名稱,德威國際牙醫口腔醫院,1
6_公司品牌名稱,松江店、信義店,1
6_公司品牌名稱,臺北公館店,1
6_公司品牌名稱,臺北信義店A19,1
6_公司品牌名稱,玉里行動餐食中心,1
6_公司品牌名稱,大寮元件新廠🌞,1
6_公司品牌名稱,三重三信店,1
6_公司品牌名稱,三重集美店,1
6_公司品牌名稱,中和圓通店,1
6_公司品牌名稱,松信店,1
6_公司品牌名稱,台積電嘉義廠區,1
6_公司品牌名稱,仁澄校,1
6_公司品牌名稱,桃園永樂居家,1
6_公司品牌名稱,永富樂門市,1
6_公司品牌名稱,健康店,1
6_公司品牌名稱,三重正義二店,1
6_公司品牌名稱,中和中和店,1
6_公司品牌名稱,中壢中央店,1
6_公司品牌名稱,中壢新生店,1
6_公司品牌名稱,內壢中華店,1
6_公司品牌名稱,北港民主/朴子山通店,1
6_公司品牌名稱,南投三和/草屯太平店,1
6_公司品牌名稱,博愛總店,1
6_公司品牌名稱,台中NOVA,1
6_公司品牌名稱,台中青海店/台中公益店,1
6_公司品牌名稱,台北大業店,1
6_公司品牌名稱,台北復興二店,1
6_公司品牌名稱,台北忠孝店,1
6_公司品牌名稱,台北忠誠店,1
6_公司品牌名稱,台北文德店,1
6_公司品牌名稱,台北文林店,1
6_公司品牌名稱,台北景美店,1
6_公司品牌名稱,台北武昌店,1
6_公司品牌名稱,台北莊敬店,1
6_公司品牌名稱,台北雙連店,1
6_公司品牌名稱,台南中正店,1
6_公司品牌名稱,台南小北店,1
6_公司品牌名稱,基隆愛三店,1
6_公司品牌名稱,大里國光店,1
6_公司品牌名稱,宜蘭礁溪店,1
6_公司品牌名稱,新莊建安店,1
6_公司品牌名稱,新莊新泰店,1
6_公司品牌名稱,桃園三民店,1
6_公司品牌名稱,楊梅中山店,1
6_公司品牌名稱,民雄建國店,1
6_公司品牌名稱,永和永和二店,1
6_公司品牌名稱,永康大灣店,1
6_公司品牌名稱,汐止新台五店,1
6_公司品牌名稱,淡水中正二店,1
6_公司品牌名稱,溪湖員鹿店,1
6_公司品牌名稱,竹北縣政店,1
6_公司品牌名稱,竹南博愛/頭份中華店,1
6_公司品牌名稱,竹東長春店,1
6_公司品牌名稱,蘆洲長榮店,1
6_公司品牌名稱,蘆洲集賢店,1
6_公司品牌名稱,虎尾光復/斗六雲林店,1
6_公司品牌名稱,鶯歌建國店,1
6_公司品牌名稱,龍潭北龍店,1
6_公司品牌名稱,桃園機場 二航廈銘品館,1
6_公司品牌名稱,阿默蛋糕 台中新光三越店,1
6_公司品牌名稱,阿默蛋糕 新光三越南西一館店,1
6_公司品牌名稱,阿默蛋糕 土城總店,1
6_公司品牌名稱,阿默蛋糕 新竹巨城店,1
6_公司品牌名稱,阿默蛋糕 新竹水田店,1
6_公司品牌名稱,🍒阿成水果行,1
6_公司品牌名稱,松竹,1
6_公司品牌名稱,博愛門市,1
6_公司品牌名稱,阿默蛋糕 高雄夢時代店,1
6_公司品牌名稱,鳳山大全聯店,1
6_公司品牌名稱,內壢門市,1
6_公司品牌名稱,大全聯中壢店,1
6_公司品牌名稱,兩儀數位台中店,1
6_公司品牌名稱,兩儀數位新竹店,1
6_公司品牌名稱,阿默蛋糕 復興分店,1
6_公司品牌名稱,阿默蛋糕 板橋大遠百店,1
6_公司品牌名稱,阿默蛋糕 萬華創始店,1
6_公司品牌名稱,傳家印章台中店,1
6_公司品牌名稱,傳家印章新竹店,1
6_公司品牌名稱,中和門市,1
6_公司品牌名稱,南京店｜近捷運南京三民站,1
6_公司品牌名稱,楊梅店,1
6_公司品牌名稱,萬大店,1
6_公司品牌名稱,中壢中原 門市,1
6_公司品牌名稱,勝政豬排-新店裕隆城店,1
6_公司品牌名稱,百匯自助餐廳,1
6_公司品牌名稱,百匯廳,1
6_公司品牌名稱,披蕯廳-OA Pizza,1
6_公司品牌名稱,香草工坊桃園大遠百門市,1
6_公司品牌名稱,蝦皮門市人員🦐,1
6_公司品牌名稱,新加坡商立福人事顧問公司,1
6_公司品牌名稱,心開冰室-京站台北店,1
6_公司品牌名稱,麥味登 美光店,1
6_公司品牌名稱,士林區SOGO天母館,1
6_公司品牌名稱,大安區SOGO忠孝館,1
6_公司品牌名稱,A002台北重慶店,1
6_公司品牌名稱,A003台北承德店,1
6_公司品牌名稱,A004台北內湖店,1
6_公司品牌名稱,A005台北永吉店,1
6_公司品牌名稱,A007台北大安店,1
6_公司品牌名稱,A008五股五權店,1
6_公司品牌名稱,A009台北福國店,1
6_公司品牌名稱,A011台北興安店,1
6_公司品牌名稱,A012台北南門店,1
6_公司品牌名稱,A013三重徐匯店,1
6_公司品牌名稱,A016平鎮民族店,1
6_公司品牌名稱,A019台北昆陽店,1
6_公司品牌名稱,A020台北民權店,1
6_公司品牌名稱,A022忠孝新生店,1
6_公司品牌名稱,A023桃園龍潭店,1
6_公司品牌名稱,A024台北北醫店,1
6_公司品牌名稱,A026台北南昌店,1
6_公司品牌名稱,A030大直北安店,1
6_公司品牌名稱,A034新店碧潭店,1
6_公司品牌名稱,A035板橋江子翠店,1
6_公司品牌名稱,A036內湖瑞光店,1
6_公司品牌名稱,A038林口長庚店,1
6_公司品牌名稱,A041竹北光明店,1
6_公司品牌名稱,A043桃園藝文特區店,1
6_公司品牌名稱,A044新竹北大店,1
6_公司品牌名稱,A046三峽北大店,1
6_公司品牌名稱,A047林口文化店,1
6_公司品牌名稱,A048淡水新市店,1
6_公司品牌名稱,A050台北石牌店,1
6_公司品牌名稱,A052南京三民店,1
6_公司品牌名稱,A053中和景安店,1
6_公司品牌名稱,A055中壢中山店,1
6_公司品牌名稱,A056竹北自強店,1
6_公司品牌名稱,A060內湖湖光店,1
6_公司品牌名稱,A061台北天母店,1
6_公司品牌名稱,A063林口中山店,1
6_公司品牌名稱,A070台中朝富店,1
6_公司品牌名稱,A071三重正義店,1
6_公司品牌名稱,亞米小廚,1
6_公司品牌名稱,宴京燒臘,1
6_公司品牌名稱,愛智塾,1
6_公司品牌名稱,東一店,1
6_公司品牌名稱,林口好好,1
6_公司品牌名稱,汐止店,1
6_公司品牌名稱,里歐過嶺店,1
6_公司品牌名稱,里歐青埔店,1
6_公司品牌名稱,里歐青峰店,1
6_公司品牌名稱,饌囍堂伸港店,1
6_公司品牌名稱,高大美杏生醫院,1
6_公司品牌名稱,住商七期河南店,1
6_公司品牌名稱,蠻蠻麻辣燙｜徵內場夥伴,1
6_公司品牌名稱,繼光香香雞,1
6_公司品牌名稱,信德門市,1
6_公司品牌名稱,全家台中太和店,1
6_公司品牌名稱,振金電線電纜,1
6_公司品牌名稱,住商-外埔甲后店,1
6_公司品牌名稱,中平園,1
6_公司品牌名稱,建國公托,1
6_公司品牌名稱,擴園增聘-雙鳳園,1
6_公司品牌名稱,新泰園擴園增聘,1
6_公司品牌名稱,新莊建國公托,1
6_公司品牌名稱,八德蘇打餅乾,1
6_公司品牌名稱,0達電腦7萬4,1
6_公司品牌名稱,熹湯舖子,1
6_公司品牌名稱,吃肉韓式烤肉｜中山店,1
6_公司品牌名稱,🥩吃肉韓式烤肉｜中山店,1
6_公司品牌名稱,喬園二店,1
6_公司品牌名稱,臺北客運｜公車駕駛長,1
6_公司品牌名稱,首都客運｜公車駕駛長／免保證人,1
6_公司品牌名稱,華膳空廚,1
6_公司品牌名稱,美妝,1
6_公司品牌名稱,精選韓國妝品,1
6_公司品牌名稱,瑞澤頤康,1
6_公司品牌名稱,鍋董,1
6_公司品牌名稱,SPEEDO,1
6_公司品牌名稱,國際Fintech,1
6_公司品牌名稱,加入神準,1
6_公司品牌名稱,加入鴻海,1
6_公司品牌名稱,在長榮,1
6_公司品牌名稱,全球最大數位,1
6_公司品牌名稱,怡盛,1
6_公司品牌名稱,樂福,1
6_公司品牌名稱,八德義勇,1
6_公司品牌名稱,周氏蝦卷,1
6_公司品牌名稱,kskin柏克金餐酒,1
6_公司品牌名稱,住好宅租賃住宅代管,1
6_公司品牌名稱,四維,1
6_公司品牌名稱,和詮地政士,1
6_公司品牌名稱,2026年中租,1
6_公司品牌名稱,富錦樹,1
6_公司品牌名稱,燊鼎,1
6_公司品牌名稱,電信,1
6_公司品牌名稱,欣達公寓大廈管理維護,1
6_公司品牌名稱,日不落牙醫,1
6_公司品牌名稱,日本四大,1
6_公司品牌名稱,英業達,1
6_公司品牌名稱,河堤,1
6_公司品牌名稱,好膳,1
6_公司品牌名稱,長榮,1
6_公司品牌名稱,一帆股份,1
6_公司品牌名稱,東森,1
6_公司品牌名稱,中工公寓大廈管理,1
6_公司品牌名稱,亞洲最大獵頭,1
6_公司品牌名稱,台中飛興工業股份,1
6_公司品牌名稱,保健安股份,1
6_公司品牌名稱,需4年以上,1
6_公司品牌名稱,光泉食品股份,1
6_公司品牌名稱,宸禾,1
6_公司品牌名稱,三品行,1
6_公司品牌名稱,千稷,1
6_公司品牌名稱,可享受,1
6_公司品牌名稱,冠羿驗證股份,1
6_公司品牌名稱,分享家食品股份,1
6_公司品牌名稱,歡迎應屆畢業生或無,1
6_公司品牌名稱,大成,1
6_公司品牌名稱,吉富梁行,1
6_公司品牌名稱,嘉漁海鮮宴,1
6_公司品牌名稱,嘉蘊餐旅,1
6_公司品牌名稱,國際渡假,1
6_公司品牌名稱,墨客,1
6_公司品牌名稱,士元加油機廠股份,1
6_公司品牌名稱,威務股份,1
6_公司品牌名稱,宏觀開發,1
6_公司品牌名稱,宥泓創意開發股份,1
6_公司品牌名稱,富景鋁業股份,1
6_公司品牌名稱,寶島饗宴,1
6_公司品牌名稱,雄都旅行社,1
6_公司品牌名稱,得力,1
6_公司品牌名稱,御皇米企業股份,1
6_公司品牌名稱,微笑單車股份,1
6_公司品牌名稱,怡佳公寓大廈管理維護,1
6_公司品牌名稱,米其林一星,1
6_公司品牌名稱,新招募得力,1
6_公司品牌名稱,大方廣興業,1
6_公司品牌名稱,村興,1
6_公司品牌名稱,杰莉時尚國際,1
6_公司品牌名稱,梅景食品股份,1
6_公司品牌名稱,健康事業,1
6_公司品牌名稱,大盤大,1
6_公司品牌名稱,正隆,1
6_公司品牌名稱,泰鋒加油站股份,1
6_公司品牌名稱,漢景企業,1
6_公司品牌名稱,潤泰,1
6_公司品牌名稱,牙醫診所,1
6_公司品牌名稱,瑞士鐘錶,1
6_公司品牌名稱,柏滋企業股份,1
6_公司品牌名稱,期貨,1
6_公司品牌名稱,5年以上,1
6_公司品牌名稱,碩倉國際,1
6_公司品牌名稱,禎祥食品工業股份,1
6_公司品牌名稱,耘家地政士,1
6_公司品牌名稱,聯華食品工業股份,1
6_公司品牌名稱,建發氣體股份,1
6_公司品牌名稱,臺灣港務股份,1
6_公司品牌名稱,萊爾富國際股份,1
6_公司品牌名稱,藝群,1
6_公司品牌名稱,統一企業,1
6_公司品牌名稱,上匠建設,1
6_公司品牌名稱,複合材料,1
6_公司品牌名稱,三年以上,1
6_公司品牌名稱,兩年以上,1
6_公司品牌名稱,五年以上,1
6_公司品牌名稱,遠東牙醫,1
6_公司品牌名稱,鍋癮,1
6_公司品牌名稱,加入全村的希望,1
6_公司品牌名稱,陸弘股份,1
6_公司品牌名稱,雪坊,1
6_公司品牌名稱,協發行國際食品,1
6_公司品牌名稱,電機技師,1
6_公司品牌名稱,霖雲國際開發股份,1
6_公司品牌名稱,青青婚宴文創,1
6_公司品牌名稱,安心居家服務,1
6_公司品牌名稱,全家,1
6_公司品牌名稱,中山精緻印刷,1
6_公司品牌名稱,源朗實業,1
